CONTENTID,CONTENTTYPEID,CAT1,CAT2,CAT3,TITLE,SIDOCODE,SIGUNGUCODE,ADDRESS,CREATEDTIME,MODIFIEDTIME,MAPX,MAPY,MLEVEL,FIRSTIMAGE,MCATEGORY,SCATEGORY,SEARCHCOUNT,OVERVIEW
2836227,39,A05,A0502,A05020100,또순이네,1,1020,서울특별시 영등포구 선유로47길 16 오오1004빌딩 ,20220812101833,20220916131820,126.8954016819,37.5359285378,6.0,http://tong.visitkorea.or.kr/cms/resource/14/2836214_image2_1.jpg,음식,한식,53228,"또순이네는 지하철 9호선 5번 출구 선유고등학교 부근에 있다. 대표 메뉴는 등심, 토시살이며 또순이네 된장찌개도 소문난 메뉴이다. 유명한 맛집 TV 프로그램에 소개된 적이 있다. 화로에 얹어서 끓여 먹는 된장찌개는 뚝배기에 내용물을 가득 채워 나온다. 단, 오후 2시까지만 된장찌개 식사가 가능하다. 넓은 주차장을 갖추고 있으며 인근에 당산 먹자골목도 있다. 또한, 인근에 양화한강공원, 선유도, 망원한강공원, 양화진 역사 공원 등 둘러볼 곳도 많다."
2757826,39,A05,A0502,A05020100,영동설렁탕,1,1015,서울특별시 서초구 강남대로101안길 24 (잠원동),20211016002405,20221216133020,127.0174022351,37.5162107911,6.0,http://tong.visitkorea.or.kr/cms/resource/96/2787996_image2_1.jpg,음식,한식,48397,30여 년간 한자리에서 운영된 이 식당은 아직도 허름한 식당 외관을 고수하고 있다. 이 집의 변함없는 맛을 보여주는 것 같다. 식당의 메뉴는 설렁탕과 수육 두 가지뿐이다. 이곳은 수육으로 이름나 있다. 큼지막하게 썰어 나온 무 깍두기와 겉절이 김치 역시 이 집의 자랑거리다.<br>3호선 신사역 신사동 간장게장 골목 건너편 잠원동 먹자거리 내에 있다.
132815,39,A05,A0502,A05020100,토속촌삼계탕,1,1023,서울특별시 종로구 자하문로5길 5 ,20040218090000,20230223164809,126.9715935592,37.5776167233,6.0,http://tong.visitkorea.or.kr/cms/resource/94/2018594_image2_1.jpg,음식,한식,38954,"[전통 삼계탕 계승 및 발전, 신토불이 재료 사용 업소]
경복궁역에 위치한 '토속촌 삼계탕'은 서울 시내에서 모르는 사람이 없을 정도로 유명한 삼계탕집이다. 특히 故 노무현 대통령이 즐겨 찾던 곳으로 소문이 나서 그 유명세가 더욱 커졌다. 이 집에서는 토종닭, 4년산 인삼, 밤, 대추, 마늘, 생강, 율무, 들깨, 호박씨, 해바라기씨, 호두, 잣, 검정깨 등의 재료를 농장에서 직접 키우고, 생산한다고 한다.
식사 시간에 찾아가면 줄을 서서  기다려야 하지만 내부가 워낙 크기 때문에 오래 기다릴 염려는 없다. 토속촌에는 삼계탕 외에도 오골삼계탕, 옻닭, 파전, 전기 통닭구이 등 메뉴가 다양하다."
2678890,39,A05,A0502,A05020100,토속촌삼계탕,1,1023,서울특별시 종로구 자하문로5길 5 ,20201027020258,20220401161617,126.9716463307,37.577655609,6.0,,음식,한식,38954,보양식으로 토속 삼계탕을 먹을 수 있는 곳이다. 서울특별시 종로구에 있는 한식전문점이다. 대표메뉴는 삼계탕이다.
2782140,39,A05,A0502,A05020100,진미평양냉면,1,1001,서울특별시 강남구 학동로 305-3 (논현동),20211126231544,20221212175405,127.0360560928,37.516202794,6.0,http://tong.visitkorea.or.kr/cms/resource/36/2782236_image2_1.png,음식,한식,37437,"임세권 셰프가 운영하는 평양냉면 전문점으로 2018년, 2021년 미슐랭 가이드 서울로 선정되었다. TV 예능프로그램 수요미식회 128회 방송에서 냉면 제육 맛집으로 소개되었다."
2685594,39,A05,A0502,A05020100,삼청각,1,1017,서울특별시 성북구 대사관로 3 ,20201125185420,20210329201758,126.9835391309,37.597422969,6.0,http://tong.visitkorea.or.kr/cms/resource/42/2684742_image2_1.jpg,문화관광,기타문화관광지,31975,아름다운 자연 환경 속에서 한정식을 즐길 수 있다. 서울특별시 성북구에 있는 한식전문점이다. 대표메뉴는 한정식이다.
2689422,39,A05,A0502,A05020100,함경도찹쌀순대,1,1018,서울특별시 송파구 송파대로28길 32 ,20201130202706,20221111115654,127.1213406056,37.4947957029,6.0,http://tong.visitkorea.or.kr/cms/resource/19/2684719_image2_1.jpg,음식,한식,30702,함경도식 찹쌀순대가 들어간 순대국 맛집이다. 대표메뉴는 순대다. 서울특별시 송파구에 있는 한식전문점이다.
2751840,39,A05,A0502,A05020100,중앙해장,1,1001,서울특별시 강남구 영동대로86길 17 (대치동),20210930183057,20231006102334,127.0655147449,37.5083459023,6.0,,음식,한식,29105,"강남구 삼성역 근처에 위치한 해장국 전문점이다.
1980년부터 현재까지 전국의 유명 해장국집 및 고깃집에 납품해 온 중앙 축산에서 문을 연 식당이다. 푸짐한 양의 내장이 들어간 진한 국물 맛의 해장국이 인기 메뉴이다. 주말에는 웨이팅이 길다."
403081,39,A05,A0502,A05020100,필동면옥,1,1024,서울특별시 중구 서애로 26 ,20080120063859,20221122163845,126.9970195064,37.560446953,6.0,http://tong.visitkorea.or.kr/cms/resource/45/399445_image2_1.jpg,음식,한식,27287,대체로 북쪽 지방의 음식은 담백함이 그 특징이다. 특히 평양냉면은 함흥냉면과 달리 담백한 맛이 좋다. 그래서 필동면옥의 냉면은 화학 조미료에 익숙해진 입에는 다소 생소한 맛일 수 있지만 자극적이지 않고 순한맛을 좋아하는 사람들에게는 더 없는 별미라 할 수 있다. 진하고 깔끔한 육수의 맛은 쫄깃한 면발과 잘 어우러져 냉면의 맛을 더해준다. 속이 꽉 차고 먹음직스러운 평양식 만두도 필동면옥을 찾는 많은 사람들이 좋아하는 대표적인 메뉴이다.
2843816,39,A05,A0502,A05020100,감나무집기사식당,1,1013,서울특별시 마포구 연남로 25 ,20220824165529,20220916140947,126.9219151974,37.561950988,6.0,http://tong.visitkorea.or.kr/cms/resource/12/2843812_image2_1.jpg,음식,한식,27006,"연남동에 있는 감나무집 기사식당은 돼지불백 맛집으로 유명하다. MBC 인기 프로그램 &lt;무한도전&gt;에 소개되어 입소문을 탔다. 대표메뉴인 돼지불백뿐만 아니라 두부찌개, 생선구이, 백반, 닭볶음탕 등 다양한 음식을 즐길 수 있다. 매장이 넓은 편이며 24시간 내내 오픈하여 어느 시간대에도 이용할 수 있다. 전용 무료 주차장이 넓어서 접근이 편리하다. 경의선 숲길 산책로가 가까워 식사 후 산책하기에 좋다."
2832867,39,A05,A0502,A05020300,키누카누,1,1004,"서울특별시 강서구 공항대로 247 퀸즈파크나인 b103, b104호",20220805105530,20220805105539,126.8352537286,37.5593664069,6.0,http://tong.visitkorea.or.kr/cms/resource/54/2832854_image2_1.jpg,음식,외국식,26645,"키누카누는 발산역 인근에 있는 뷔페식 스시 전문 맛집이다.
저렴한 가격에 한 번, 맛에 또 한 번 놀라는 가성비 최고의 스시 전문점이다. 
메뉴는 영업시간에 따라 간단하게 구성돼 있다. 
스시 뷔페의 특징을 잘 살리고 있으며 가족, 직장인들이 많이 찾는 곳이다. 
키누카누 이름은 떠다니는 빙산을 의미하는 캐나다 원주민의 언어 키우와 노로 젓는 작은 배 카누가 결합한 것이다."
2752554,39,A05,A0502,A05020200,스케줄청담,1,1001,서울특별시 강남구 선릉로152길 37 (청담동),20211001232014,20230116142324,127.0426969138,37.5246935939,6.0,,음식,전문음식,26254,"스케줄청담(Schedule Chungdam)은 고급스러운 인테리어와 소품들로 꾸며진 분위기 레스토랑이다. 파스타, 리조또, 스테이크 등 기본 식사메뉴와 디저트, 와인과 페어링할 수 있는 음식까지 다양한 메뉴가 준비되어 있다. 식당 내부 공간뿐 아니라 야외 테라스 공간도 인스타그램 포토존으로 유명하다."
403995,39,A05,A0502,A05020100,진주집,1,1020,서울특별시 영등포구 국제금융로6길 33 ,20080120072631,20230228142028,126.9269103478,37.5207864162,6.0,http://tong.visitkorea.or.kr/cms/resource/70/401170_image2_1.jpg,음식,한식,24969,여의도백화점 지하 식당가에 위치한 진주집은 콩국수 맛있기로 소문난 곳이다. 진하고 걸쭉한 콩국은 특유의 고소하고 부드러운 맛을 잘 살려냈다. 여기에 쫄깃한 면발과 배추 겉절이가 어울려 깊고 풍부한 맛을 낸다. 업무중심가에 위치하므로 일요일과 공휴일은 휴무일이다.
570596,39,A05,A0502,A05020200,63뷔페파빌리온,1,1020,서울특별시 영등포구 63로 50 ,20080605021422,20230116170126,126.9401647239,37.5198034342,6.0,,음식,전문음식,22891,"국내 최대 규모의 뷔페식 레스토랑으로 프리미엄 뷔페 레스토랑 중에서 가장 많은 고객 수를 자랑하고 있으며, 500석의 좌석과 200여 가지 세계 각국의 요리 등 규모와 요리의 종류에서도 단연 국내 최대로 꼽힌다. 샐러드에서 한식, 중식, 일식, 양식 같은 즉석요리까지 다양한 종류와 맛으로 미식가들 사이에서 정평이 나 있다. 신선한 친환경 식재료를 사용해 웰빙 뷔페를 선두하고 있으며, 권위 있는 세계 요리 대회에서 수상한 우수한 실력의 조리진을 갖추고 있다. 자연 채광의 인테리어와 친환경 식자재를 사용하는 등 자연 친화적인 레스토랑을 표방하고 있다. 매스티지 콘셉트를 도입, 대중적이면서도 고급화된 이미지를 선보인다."
2762857,39,A05,A0502,A05020100,101번지남산돈까스본점,1,1024,서울특별시 중구 소파로 101 (남산동2가),20211027000559,20231024092607,126.9857817384,37.557013817,6.0,,음식,전문음식,22823,"남산 주변에는 남산돈까스라는 이름의 식당이 많다 보니 구별하기 쉽게 식당 이름에 아예 식당 주소의 번지수 101을 넣은 돈가스 전문점이다. 남산왕돈가스, 매운돈가스, 치즈돈가스 등 다양한 종류의 돈가스와 생선가스, 모둠정식, 냉메밀 등을 판매한다. 돈가스가 나오기 전에 수프가 제공되며, 돈가스의 느끼함을 덜어주는 초록 고추를 쌈장과 함께 제공한다. 방송에 소개되어 입소문을 타고 오는 사람들이 많다. 남산 순환로 남산백범광장 맞은편에 있다."
578330,39,A05,A0502,A05020100,진주회관,1,1024,서울특별시 중구 세종대로11길 26 ,20080621030824,20230808134013,126.9745492782,37.56232411,6.0,http://tong.visitkorea.or.kr/cms/resource/28/1291528_image2_1.jpg,음식,한식,22783,진주회관은 서울 중구 시청역 인근에 위치한 국수 전문점으로 40년 전통의 걸쭉하고 진한 냉콩국수로 유명한 집이다. 강원도 일대에서 생산되는 순수 우리나라 토종 황태콩으로만 계약 재배하여 만드는 영양만점의 콩국수이다. 콩국물이 진하고 고소하며 쫀득한 면발과 어우러지며 함께 제공되는 김치는 톡 쏘는 맛이 나며 별미라고 한다. 서울에서 콩국수의 진한 맛을 느끼고 싶다면 이곳을 추천한다.
2873293,39,A05,A0502,A05020100,성북동면옥집,1,1017,서울특별시 성북구 대사관로 40 ,20221024144643,20221202160456,126.9886470404,37.5959482318,6.0,http://tong.visitkorea.or.kr/cms/resource/67/2873267_image2_1.jpg,음식,한식,22358,"성북동 면옥집은 방송에 여러 번 소개된 맛집이다. 갈비찜과 비빔냉면이 이곳의 대표 메뉴다. 왕갈비찜은 양에따라 진, 선, 미로 구분한다. 양념이 전체적으로 자극적이지 않다. 사이드 메뉴로 회냉면이 있다. 성북동빵공장이 바로 옆이고, 주변에 길상사, 와룡공원 등이 있어 함께 둘러보기 좋다."
132822,39,A05,A0502,A05020100,오장동함흥냉면,1,1024,서울특별시 중구 마른내로 108 (오장동),20040219090000,20221201152129,126.9998469178,37.5642687824,6.0,http://tong.visitkorea.or.kr/cms/resource/28/771628_image2_1.jpg,음식,한식,21916,"서울 2호선 동대문역사문화공원역 근처에 위치한 함흥냉면 전문점이다. 1950년대 문을 연 이래 3대에 걸쳐 독특한 맛과 명성을 이어가는 곳으로 매장이 넓고 단체석이 있어서 단체 손님도 방문할 수 있다. 특제양념을 통해 매콤함과 감칠맛을 느낄 수 있는 비빔냉면이 시그니처이다. 주요 메뉴로는 물냉면, 회냉면, 만두 등이 있다. 미쉐린 가이드가 선정한 2022년 서울 맛집 중의 하나이다. 근처에 광장시장, 동대문디자인플라자가 있어서 식사 후 방문할 수 있다."
2685324,39,A05,A0502,A05020100,공항칼국수,1,1004,서울특별시 강서구 남부순환로 5 ,20201124230550,20221111120022,126.8077700704,37.5613101356,6.0,http://tong.visitkorea.or.kr/cms/resource/35/2685035_image2_1.jpg,음식,한식,21864,김포공항근처 연예인이 많이 찾는 칼국수전문점이다. 서울특별시 강서구에 있는 한식전문점이다. 대표메뉴는 버섯칼국수이다.
2832955,39,A05,A0502,A05020100,신토불이떡볶이본점,1,1006,서울특별시 광진구 자양로43길 42 ,20220805114915,20220805114926,127.090463996,37.5525995461,6.0,http://tong.visitkorea.or.kr/cms/resource/53/2832953_image2_1.jpg,음식,간이음식,20577,"신토불이떡볶이 본점은 아차산역 1번출구 도보로 2분 거리에 있다. 항상 줄 서서 먹는 집으로 유명하다. 이곳의 대표 음식은 물론 떡볶이다. 주재료인 떡살은 두툼하고 쫄깃해 식감이 좋고 양은 푸짐하다. 이곳 떡볶이는 처음엔 달콤하다가 매콤해지면서 중독성을 띠는 맛이다. 원래도 유명했지만, 한 방송에서 여배우가 좋아하는 떡볶이집이라는 것이 알려지면서 더욱 유명해졌다. 서울어린이 대공원이나 아차산 생태공원에서 가족끼리 즐거운 시간을 보낸 후 들러서 즐기기 좋다. 주차시설은 따로 없지만, 지하철역에서 가까워 대중교통 접근성이 좋다.
※ 반려동물 동반 불가"
697423,39,A05,A0502,A05020100,우정,1,1024,서울특별시 중구 퇴계로76길 55 (신당동),20090221022320,20230610065516,127.0149678028,37.5628414413,6.0,http://tong.visitkorea.or.kr/cms/resource/21/696321_image2_1.jpg,음식,간이음식,20518,"우정은 서울 중구 신당역 인근에 위치한 분식 전문점이다. 1970년대에 개업하여 현재까지 자리를 지키고 있다. 오래된 음식점이지만 깔끔한 내부를 유지하고 있다. 대표 메뉴는 즉석떡볶이와 매운닭발로 대중적인 음식과 맛으로 사람들의 발길이 끊이지 않고 있다. 최근 ‘백종원의 3대 천왕’ 프로그램에 소개되었다. 이곳은 새벽 3시까지 영업하여 현지인들이 야식 맛집으로 즐겨 찾는다. 주변 관광지로 충무아트센터, 동대문역사문화공원 등이 있다."
2014139,39,A05,A0502,A05020200,울프강스테이크하우스,1,1001,서울특별시 강남구 선릉로152길 21 ,20150707203502,20230803133036,127.041477586,37.5244991499,6.0,http://tong.visitkorea.or.kr/cms/resource/82/2014182_image2_1.jpg,음식,전문음식,20109,"울프강 스테이크하우스는 미국의 전통 있는 스테이크하우스인 '피터 루거 스테이크하우스'에서 40여 년간 헤드 웨이터로 근무했던 울프강 즈위너 (Wolfgang Zwiener)가 지난 경험과 노하우를 살려 설립한 미국의 대표적인 스테이크하우스다. 울프강 스테이크하우스는 미국 내에서 3%만 해당하는 최고급 소고기인 USDA 프라임 등급 블랙 앵거스 품종으로 28일간 드라이 에이징으로 숙성된 스테이크만을 제공하며, 현재 울프강 스테이크하우스는 세계 총 13개 지점을 두고 있다. 

울프강 스테이크하우스는 복층, 250평 규모로 청담동에 2015년 3월에 문을 열었다. 총 225명가량 수용 가능하며, 1층은 테이블이 세팅된 다이닝 홀과 바(Bar)가 있고 1층과 2층에 총 7개의 프라이빗 룸이 있다. 룸은 6인부터 20인까지 수용 가능하며 비즈니스 미팅, 가족모임 등에 적합한 프라이빗 서비스가 가능하다."
2834396,39,A05,A0502,A05020900,스윗솔트,1,1002,서울특별시 강동구 상암로 286 ,20220809112341,20220916135921,127.1541417341,37.5455292933,6.0,http://tong.visitkorea.or.kr/cms/resource/88/2834388_image2_1.jpg,음식,전문음식,20084,"스윗솔트는 서울 강동구의 길동 공원, 길동생태공원, 승상산이 3면으로 둘러싸여진 숲속의 카페이다. 오전 9시부터 개점한다. 일반적인 브런치 카페보다 일찍 영업을 시작해서 아침 운동을 하면서 들리거나 자녀 등원 후 찾는 학부모가 많다. 건물이 푸른 나무들에 둘러싸여 있고, 건물의 세 면에 큰 유리창을 설치해 카페 안에서도 자연 속에 있는 듯한 느낌이 들게끔 공간이 구성되어 있다. 식사류는 브런치세트, 햄버거, 파스타 등 여러 가지가 호불호를 가리지 않는 맛으로 인기가 많다. 특별한 음료인 칼라만시에이드, 루이보스 밀크티를 빵과 같이 먹는 것도 별미다.
※반려동물 동반 가능
※참고사항 : 배달 가능"
2835042,39,A05,A0502,A05020100,홍능갈비집본점,1,1011,서울특별시 동대문구 제기로 85 ,20220809162239,20220809162250,127.0425840484,37.5868946986,6.0,http://tong.visitkorea.or.kr/cms/resource/04/2835004_image2_1.jpg,음식,한식,19310,"갈비명가 흥능갈비집 본점은 서울특별시 동대문구 청량리동에 있다. 대중교통을 이용할 경우 6호선 고려대역 4번 출구와 가장 가깝다. 60년에 가까운 전통 맛집답게 요즘은 볼 수 없는 네온사인 간판이 입구에 설치돼 있다.
대표 메뉴는 숯불에 구워 먹는 한우 생갈비지만 양념갈비나 불고기도 인기다. 직원이 직접 구워주고 손질해 주기 때문에 타지 않은 상태의 가장 맛있는 고기를 맛볼 수 있다.
공깃밥을 시키면 된장찌개가 함께 나오고 냉면도 많이 찾는 인기 메뉴다. 단체석이 있어 가족모임이나 회식에도 좋다.  가까운 곳에 청량리 통닭 골목과 경동시장 청년몰이 있어 연계 관광도 가능하다."
2840014,39,A05,A0502,A05020100,유천냉면본점,1,1018,서울특별시 송파구 강동대로3길 22 유천칡냉면 ,20220819154027,20220825165138,127.1155929472,37.5285583463,6.0,http://tong.visitkorea.or.kr/cms/resource/07/2840007_image2_1.jpg,음식,한식,19004,"유천냉면 본점은 8호선 강동구청역 4번 출구 부근에 있다. 40년 세월 오랫동안 보리밥과 냉면 판매를 해온 덕에 중소벤처기업부로부터 백년가게 인증을 받았다. 대표 메뉴는 냉면이며 배 한 조각, 오이, 계란 반쪽이 고명으로 올라간다. 물냉면에는 기본 양념장이 들어가는데 주문 시 빼달라고 할 수 있다. 그 외 메밀면과 만두도 인기 메뉴이다. 모든 메뉴는 선불 결제이며, 영수증은 주차 확인증과 같으니 챙겨 두어야 한다. 모든 메뉴가 밀키트 형태로 판매되고 있다. 근방에 올림픽공원, 몽촌역사관이 있어 연계 관광을 할 수 있다."
2778425,39,A05,A0502,A05020100,군산오징어본점,1,1018,서울특별시 송파구 삼학사로 101 (삼전동),20211124185216,20221212155657,127.0970258234,37.5063411468,6.0,,음식,전문음식,18881,"군산오징어 본점은 서울시 송파구 삼전동에 자리 잡고 있다.
대표 메뉴는 오징어불고기로 기호에 따라 매운맛을 조절해서 주문할 수 있다. 이 밖에 오삼불고기, 오징어닭갈비, 오낙불고기, 오징어튀김, 오징어숙회 등 오징어 관련 요리를 판다.
음식점은 서울 지하철 9호선 석촌고분역과 2호선 잠실역에서 가깝다. 주변에는 롯데월드, 롯데월드타워, 석촌호수가 있다."
2836670,39,A05,A0502,A05020100,대도식당왕십리본점,1,1016,서울특별시 성동구 무학로12길 3 대도식당 ,20220816104527,20220816104537,127.0306162501,37.5673273128,6.0,http://tong.visitkorea.or.kr/cms/resource/68/2836668_image2_1.jpg,음식,한식,18390,대도식당 왕십리 본점은 2호선 상왕십리역 2번 출구에서 청계천 방향으로 중간 지점에 있다. 이곳은 왕십리에서 60년 전통의 한우 요리를 맛볼 수 있는 맛집이다. 1964년부터 지금까지 한우 등심 요리 하나로 명맥을 유지한 덕분에 서울미래유산으로 지정되었다. 외부는 단층 건물로 외벽은 하얀색 타일 마감을 해서 깨끗하다. 내부는 깔끔하게 유지되고 있고 고기를 숙성시키는 냉장고가 있어 주문한 고기가 손님상에 나가는지 직접 볼 수 있다. 고기는 생등심과 대패 등심 2가지만 취급한다. 고기를 먹은 뒤 식사할 수 있는 깍두기 볶음밥은 이 집만의 별미다. 인근에 청계천이 있어 가벼운 산책도 할 수 있다.
2739480,39,A05,A0502,A05020300,원조남산왕돈까스,1,1024,서울특별시 중구 소파로 107 (예장동),20210903003808,20230119145941,126.9861344717,37.5574359963,6.0,http://tong.visitkorea.or.kr/cms/resource/93/2790093_image2_1.jpg,음식,전문음식,18152,"남산순환도로인 소파로에서 1977년부터 영업을 시작하여 2대에 걸쳐 한 자리에서 운영하고 있는 남산 옛날 돈가스로 맛집이다. 방송에서도 예능프로그램인 '전지적참견시점', '놀면뭐하니' 등 방송에서도 많이 소개되어 유명하다."
2834380,39,A05,A0502,A05020100,도원한우,1,1002,서울특별시 강동구 진황도로 227 하선빌딩 1층,20220809111031,20221006172800,127.1450153311,37.5264091268,6.0,http://tong.visitkorea.or.kr/cms/resource/70/2834370_image2_1.jpg,음식,한식,18027,"도원한우는 둔촌동에 있는 고깃집으로 9호선 중앙보훈병원역 1번 출구에서 가깝다. 예전 도원한우는 둔촌 현대4차아파트 부근에 있다가 지금 자리로 이전했다. 품질 좋은 한우를 저렴한 가격에 제공하는 강동구 최고의 가성비 한우 맛집이다. 손님들이 많이 찾는 메뉴는 도원한우의 도가니탕, 우족탕, 설렁탕 순서다. 한우집이지만 저녁 메뉴로 돼지 오겹살도 인기다. 도원한우는 가성비도 좋고 맛까지 일품이라 직장인 회식으로도, 가족 모임으로도 많은 사랑을 받고 있다."
2689352,39,A05,A0502,A05020100,어머니대성집,1,1011,서울특별시 동대문구 왕산로11길 4 ,20201130191116,20221111120819,127.0286050321,37.5775316463,6.0,http://tong.visitkorea.or.kr/cms/resource/73/2684573_image2_1.jpg,음식,한식,17981,따뜻한 국물이 생각날 때 방문하기 좋은 매장이다. 대표메뉴는 해장국이다. 서울특별시 동대문구에 있는 한식전문점이다.
2745542,39,A05,A0502,A05020200,세상의모든아침,1,1020,서울특별시 영등포구 여의대로 24 (여의도동),20210915225336,20221024151326,126.9199581632,37.5222305684,6.0,http://tong.visitkorea.or.kr/cms/resource/53/2779853_image2_1.png,음식,전문음식,17684,"여의도 전경련회관 50층에 위치하여 창가석에서는 한강을 바라보면서 식사를 즐길 수 있는 카페 레스토랑이다. 창가석을 이용하기 위해서는 예약이 필요하며, 결혼식, 돌잔치 등 각종 행사 대관이 가능하다. 드라마 펜트하우스 촬영 장소로도 유명하다. 여성 고객들에게 전망 좋은 브런치 식당으로 유명하다."
2852596,39,A05,A0502,A05020100,화목순대국,1,1020,서울특별시 영등포구 여의대방로 383 경도빌딩 1층,20220913170741,20220913170751,126.9315183007,37.5193949937,6.0,http://tong.visitkorea.or.kr/cms/resource/91/2852591_image2_1.jpg,음식,한식,17092,"화목순대국은 지하철 9호선, 신림선 샛강역 2번 출구 부근에 있다. 방문 시 대중교통을 이용하는 게 편리하다. 이곳은 여의도 현지인들과 직장인들 사이에 맛집으로 유명하다. TV 맛집 프로그램에 소개되어 더욱 유명해진 화목순대국의 대표 메뉴는 순대국이고, 그외 내장탕, 순대탕, 모듬안주, 술국, 머리고기, 순대, 내장접시도 인기가 많다 주변에 서울색공원과 여의도 샛강생태공원이 있어 식사 전후에 둘러보기 좋다."
2764169,39,A05,A0502,A05020100,서일순대국,1,1012,서울특별시 동작구 여의대방로24길 10-4 (신대방동),20211028013857,20231013145923,126.9209393125,37.4979639608,6.0,,음식,한식,16840,"서울 동작구 대방동에 있는 고소한 들깨 향이 일품인 30년 전통의 순댓국 전문점이다. 서일순대국 1호점은 오래된 식당 분위기이고, 바로 옆 빌딩 1층에 큰 규모로 2호점이 있다. 안으로 들어가면 깔끔한 식당 내부가 나온다. 다른 밑반찬 없이 야채를 듬뿍 넣어 잡내를 뺀 순댓국 맛으로만 승부를 보는 집으로, 함께 제공되는 깍두기와 겉절이도 맛이 좋아 인기다. 우거지를 듬뿍 넣어 아삭아삭한 식감을 느낄 수 있는 야채순대도 인기 메뉴다. TV프로그램 <수요미식회>, <생생정보통>에 소개되었다. 지하철 7호선 보라매역 2번 출구에서 250m 거리 대방천사거리 인근에 있다."
2039547,39,A05,A0502,A05020200,금왕돈까스,1,1017,서울특별시 성북구 성북로 138 ,20151109192130,20230118092501,126.9943687731,37.5948234655,6.0,http://tong.visitkorea.or.kr/cms/resource/55/2028455_image2_1.jpg,음식,전문음식,16304,"직접 만든 스프와 바삭한 튀김, 색다른 돈까스 소스의 조화가 훌륭한 음식점으로 성북동에서 오랜 역사를 자랑한다. 다양한  언론매체를 통해 소개된 바 있는 음식점으로, 식사시간에 방문하면 대기줄이 있을 정도로 유명하다.<br>"
2834536,39,A05,A0502,A05020900,성북동빵공장,1,1017,서울특별시 성북구 대사관로 40 B동,20220809134058,20220916140033,126.9886470404,37.5959482318,6.0,http://tong.visitkorea.or.kr/cms/resource/20/2834520_image2_1.jpg,음식,간이음식,15456,"성북동빵공장은 성북동 북악산 자락 서을아파트와 오스트리아 대사관저 사이에 있는 베이커리 카페다. 
주차시설이 잘되어 있다. 발렛비 2,000원 부담하면 4시간 무료 주차할 수 있다. 빵공장은 지하층을 사용하는데, 이 지대가 이미 높은 지대기이기 때문에 사실 지하가 아니라서 뷰가 상당히 좋다. 빵 종류가 다양하고, 케이크와 쿠키와 커피도 구비돼 있다. 대표메뉴는 자두 얼그레이 에이드, 생크림팡도르, 성북동 식빵이며 주변에 간송미술관, 한국가구박물관, 길상사, 만해한용운심우장 등이 있다."
2758118,39,A05,A0502,A05020100,본가설렁탕,1,1018,서울특별시 송파구 석촌호수로 204 (석촌동),20211018222427,20221226134344,127.0999699991,37.5063689742,6.0,,음식,한식,15399,"잠실동 석촌호수(동호) 길에 대형 건물과 주차장을 보유한 가마솥 설렁탕집이다. 2층 단독 건물로 식당 입구에 있는 커다란 가마솥에서 진한 소고기 육수를 고아내는 장면을 볼 수 있다. 대표메뉴는 가마솥에서 끓여낸 설렁탕이지만, 소고기 내장이 들어가는 본가탕과 선지가 들어가는 해장국, 돌냄비에 나오는 수육도 인기 메뉴다."
2758146,39,A05,A0502,A05020100,주은감자탕,1,1018,서울특별시 송파구 삼학사로 71 (삼전동),20211018224357,20221226115904,127.096825915,37.5037442224,6.0,,음식,한식,15148,"푹 삶은 돼지 등뼈 위에 연하게 삶아진 시래기를 듬뿍 얹어내는 시래기 감자탕 집이다. TV프로그램 <KBS2TV 생생정보>, <맛있는 녀석들>, <수요미식회> 등에 소개되면서 더 유명해졌다. 점심 메뉴 및 해장국은 평일 오전 10시 30분부터 오후 4시까지만 판매하고 있다.
9호선 석촌고분역 1번 출구에서 석촌호수 서로 사거리 방면에 위치해 있다."
2733856,39,A05,A0502,A05020100,백년옥,1,1015,서울특별시 서초구 남부순환로 2407 (서초동),20210813194408,20230921135909,127.0138091056,37.4812620075,6.0,http://tong.visitkorea.or.kr/cms/resource/37/2787337_image2_1.jpg,음식,한식,14884,"예술의 전당 맞은편 도로변에 위치한 백년옥. 1992년에 영업을 개시한 이래로 많은 사랑을 받아온 두부 전문점이다. 1992년 이래 세월이 고스란히 묻어나는 소박한 인테리어의 실내는 테이블석과 방석 자리로 나뉜다. 두부 전문점답게 강원도에서 가지고 온 콩을 이용한 콩비지, 시래기되비지, 신선한 순두부 등 다양한 수제 두부 요리를 내놓는다."
2752385,39,A05,A0502,A05020100,백마김씨네도곡본점,1,1001,서울특별시 강남구 남부순환로 2743 (도곡동),20211001192725,20221227190358,127.0457393648,37.4872118895,6.0,http://tong.visitkorea.or.kr/cms/resource/01/2768901_image2_1.jpg,음식,한식,14488,"질 좋은 고기에 발효효소를 사용하여 맛을 낸 음식을 현대적인 감각으로 정갈하게 제공하는 숯불구이 전문 식당이다. 지하철 3호선 매봉역 1번 출구 바로 옆에 있어 접근성이 좋다. 3층 단독 건물로 식당 내 테이블은 칸막이로 공간이 구분되어 있으며, 다양한 크기의 개별 룸도 준비되어 있어 가족 및 비즈니스 식사 장소로 적당하다. 식당 이름 '백마 김씨네'는 식당 대표가 어린 시절 집에서 백마를 키우는 것을 보고 당시 동네 사람들이 '백마 김씨네' 로 불렀던 기억을 되살려 붙인 이름이라고 한다."
2834563,39,A05,A0502,A05020100,골목떡볶이,1,1018,서울특별시 송파구 문정로1길 33 ,20220809140100,20220920171511,127.1234850164,37.4891019577,6.0,http://tong.visitkorea.or.kr/cms/resource/59/2834559_image2_1.jpg,음식,간이음식,14467,"골목떡볶이는 서울 3대 떡볶이 맛집이다. 추억의 국물 떡볶이 전문점으로 가게는 송파구 문정역 1번 출구 로데오거리 골목에 있다. 메뉴는 단출하게 떡볶이, 순대, 만두다. 직접 쟁반과 수저 포크를 들고 배식하듯이 주문을 하면 그릇에 담아준다. 양은 많은 편이고 순대와 당면만 있는 만두도 별미로 SBS 백종원의 삼대천왕 등 많은 방송프로그램에서 소개했다. 인근에 서울스카이, 롯데뮤지엄 등이 있다."
2836272,39,A05,A0502,A05020900,코끼리베이글,1,1020,서울특별시 영등포구 선유로 176 ,20220812105221,20220812105231,126.8927437773,37.5293098155,6.0,http://tong.visitkorea.or.kr/cms/resource/57/2836257_image2_1.jpg,음식,간이음식,14282,"코끼리베이글은 2호선 5호선 영등포구청역 3번 출구 영등포구청 별관 부근에 있다. 이곳은 일명 베이글 성지로 유명하다. 따로 앉아서 편히 먹을 수 있는 자리는 없지만, 기다리는 동안 화덕에 빵 굽는 모습과 반죽하는 모습을 볼 수 있다. 순서가 돌아오면 매장 규칙에 따라 구매한다. 평일에는 3종류까지만 구매할 수 있으며 주말에는 3종류 8개까지만 가능하다. 구워낸 빵이 전부 판매되면 영업을 종료한다. 커피나 샌드위치류는 제한 없이 구매할 수 있다. 주변에 양평유수지생태공원과 실개천생태공원이 있어 빵을 구매해서 피크닉을 해도 좋다."
2757829,39,A05,A0502,A05020100,장꼬방김치찌개전문,1,1015,서울특별시 서초구 효령로 364 (서초동),20211016003219,20221130091519,127.0236969335,37.4869531905,6.0,,음식,한식,14180,"식당 간판 위로 커다란 항아리를 잔뜩 놓아둔 집으로 찾기가 쉽다. <br>묵은지로 만든 김치찌개와 돼지고기를 숯불에 구워 철판에 나온 장꼬방구이, 그리고 계란말이만 팔고 있다. 메뉴가 3개 밖에 안 되지만 각각 모두 인기가 좋다. 2호선 강남역 9번 출구 진흥아파트 길 건너편에 있다."
2815118,39,A05,A0502,A05020100,몽탄,1,1021,서울특별시 용산구 백범로99길 50 ,20220406112017,20220406112031,126.9722585634,37.5360493436,6.0,,음식,한식,14151,"몽탄은 삼각지 맛집으로 유명한 식당이다. 소고기를 상대적으로 저렴한 가격에 맛 볼 수 있으며, 메인메뉴인 우대갈비의 부드러운 살코기를 다양한 소스에 곁들여 먹으면 그 맛이 일품이다. 인기있는 식당이기 때문에 사전 웨이팅은 필수이다."
838829,39,A05,A0502,A05020100,청담골,1,1001,서울특별시 강남구 선릉로148길 48 ,20091028190551,20220906140434,127.0434330137,37.5227382786,6.0,http://tong.visitkorea.or.kr/cms/resource/09/1838709_image2_1.jpg,음식,전문음식,14115,가성비 좋은 한정식을 먹을 수 있는 집이다. 대표메뉴는 한정식이다. 서울특별시 강남구에 있는 한식전문점이다.
134798,39,A05,A0502,A05020100,해주냉면,1,1018,서울특별시 송파구 백제고분로7길 8-16 ,20041213090000,20220516161757,127.0798078496,37.5097126675,6.0,http://tong.visitkorea.or.kr/cms/resource/36/2546336_image2_1.jpg,음식,한식,14054,1983년부터 운영해 온 매운 냉면이 유명한 집이다. 서울특별시 송파구에 있는 한식전문점이다. 대표메뉴는 냉면이다.
2832821,39,A05,A0502,A05020200,포레스트청담,1,1001,"서울특별시 강남구 선릉로 803 이니셜타워Ⅱ 1, 2, 3층",20220805103451,20220805103505,127.0389778281,37.5239880532,6.0,http://tong.visitkorea.or.kr/cms/resource/19/2832819_image2_1.jpg,음식,전문음식,13963,"포레스트 청담은 압구정로데오역과 청담동 명품 거리 사이에 있다. 
이탈리아 음식인 피자와 파스타부터 한국인의 입맛을 사로잡는 한우 스테이크, 그리고 와인 등 최고급 양식 메뉴와 디저트가 준비되어 있다. 차별화된 고급 인테리어와 수준 높은 다이닝 서비스로 데이트 코스로 유명하지만, 가족 모임, 바이어 접대 장소로도 적합하다."
2373394,39,A05,A0502,A05020100,성수족발,1,1016,서울특별시 성동구 아차산로7길 7 ,20160318011234,20230330112927,127.0542647014,37.5459941052,6.0,http://tong.visitkorea.or.kr/cms/resource/73/2372573_image2_1.jpg,음식,전문음식,13832,서울 3대 족발이라고 불리는 족발집이다. 서울특별시 성동구에 있는 한식 전문점이다. 대표 메뉴는 족발이다.
834669,39,A05,A0502,A05020100,자하손만두,1,1023,서울특별시 종로구 백석동길 12 ,20091028015236,20230118161723,126.9660047404,37.5931175992,6.0,,음식,한식,13726,"주택을 개조한 정겨운 외관과 달리 미쉐린 가이드에 선정된 내실 있는 맛집으로 유명하다. 대표메뉴인 떡만둣국은 시금치, 당근, 비트로 색을 낸 삼색 만두와 조랭이떡을 넣어 만든다. 조미료 없이 직접 담근 간장으로 간을 하여 담백한 맛이 특징이다."
2752169,39,A05,A0502,A05020100,농민백암순대본점,1,1001,서울특별시 강남구 선릉로86길 40-4 (대치동),20211001012650,20230912104825,127.0530437877,37.5037600996,6.0,,음식,한식,13713,"농민백암순대는 강남구 대치동에 위치한 순대 전문 식당으로 선릉역 1번 출구에서 도보로 6분 정도 거리에 있다. 대표 메뉴는 국밥과 토종 순대이며 직접 만든 순대와 함께 제공되는 고추, 양파, 부추 무침은 우리 농산물로만 사용한다고 한다. 그 국밥의 맛으로 이미 서울에서 3대 맛집으로 알려져 있으며 여러 매체에 소개되었다."
135385,39,A05,A0502,A05020200,파라다이스,1,1020,서울특별시 영등포구 여의동로 252 ,20060830090000,20230328111815,126.9415645104,37.5228614373,6.0,http://tong.visitkorea.or.kr/cms/resource/61/1900561_image2_1.jpg,음식,외국식,13572,한강의 아름다운 전경이 한눈에 보이며 아름다운 라이브음악을 들으며 소중한 사람과 특별한 추억을 만들 수 있는 곳이다.
2845220,39,A05,A0502,A05020200,페어링룸,1,1001,서울특별시 강남구 도산대로81길 14 ,20220829161038,20220829161049,127.0478547564,37.5254352671,6.0,http://tong.visitkorea.or.kr/cms/resource/07/2845207_image2_1.jpg,음식,외국식,13503,"페어링룸은 서울특별시 강남구 청담동에 있는 이탈리안 레스토랑이다. 대중교통을 이용한다면 수인분당선 압구정로데오역 2번 출구와 가장 가깝다. 주차는 식당 앞에 하거나 발레파킹을 할 수 있다. 건축설계사와 조명 디자이너가 만나 건물을 디자인하고 실내 내부를 꾸며 오픈한 곳으로 건물 외부는 이국적인 감성이 물씬 풍기는 화이트 톤으로 깔끔하고 내부는 천장이 높아 시원한 개방감을 느낄 수 있다. 룸과 룸으로 연결하는 문은 유럽 스타일로 아치 형태이다. 대표 메뉴는 발사믹 관자와 감자 퓨레 M, 항정살 페퍼 메주파스타, 트러플 파케리 파스타이고 음식과 어울리는 와인을 추천받을 수 있다. 다양한 디저트에 맞는 차나 음료도 즐길 수 있다.
식당 인근에 서울선릉과정릉 세계문화유산, 잠실 한강공원, 청담동명품거리, 압구정로데오거리가 있어 연계 관광을 할 수 있다."
2841742,39,A05,A0502,A05020100,마포양지설렁탕,1,1013,서울특별시 마포구 새창로 6 ,20220823143220,20220919145242,126.9505242619,37.542089919,6.0,http://tong.visitkorea.or.kr/cms/resource/35/2841735_image2_1.jpg,음식,한식,13259,"공덕역 9번 출구에서 도보 3분 거리에 위치한 설렁탕 전문점이다. 대표 메뉴는 설렁탕이다. 그 외에도 내장탕, 꼬리탕, 도가니탕, 우족탕, 각종 수육 등 다양한 메뉴가 있다. 김치가 깍두기, 배추김치, 파김치 세 가지 종류여서 기호에 맞게 함께 먹을 수 있다. 미쉐린 가이드 서울 2022에서 선정한 맛집 리스트에 이름을 올렸다. 내부가 2층까지 있어서 넓고 쾌적한 환경에서 식사할 수 있다. 근처에 카페가 많아 식사 후 가까운 곳에서 디저트와 커피를 즐길 수 있고 경의선 공원과 광장도 약 도보 10분 거리에 있어서 산책을 할 수 있다."
2689446,39,A05,A0502,A05020100,이조면옥,1,1004,서울특별시 강서구 양천로 353 ,20201130224713,20210315224410,126.8423306037,37.5685154694,6.0,http://tong.visitkorea.or.kr/cms/resource/17/2684617_image2_1.jpg,음식,한식,13126,줄서서 먹는 회냉면으로 유명한 맛집이다. 대표메뉴는 회냉면이다. 서울특별시 강서구에 있는 한식전문점이다.
2678887,39,A05,A0502,A05020100,마포옥,1,1013,서울특별시 마포구 토정로 312 ,20201027015520,20220317155719,126.9433499762,37.5399261531,6.0,,음식,한식,12778,2020 미쉐린 가이드에 선정된 곳이다. 서울특별시 마포구에 있는 한식전문점이다. 대표메뉴는 양지설렁탕이다.
2849675,39,A05,A0502,A05020100,금고깃집마곡본점,1,1004,"서울특별시 강서구 마곡동로 61 에이스프라자 109호,203-205호",20220906121854,20220906121906,126.8331733261,37.5606717733,6.0,http://tong.visitkorea.or.kr/cms/resource/68/2849668_image2_1.jpg,음식,한식,12499,"금고깃집 마곡본점은 지하철 5호선 발산역 9번 출국 부근에 있다. 매장이 있는 상가 건물에 자체 주차장이 있어 방문 시 자동차로 이용하기 편리하다. 금고깃집은 무항생제 명품 한돈과 경북 안동 무항생제 숙성 한우만을 취급하며 손수 담근 밑반찬을 상에 올리는 게 특징이다. 매장 안은 넓어 각종 단체 행사나 가족 모임에 적합하다. 대표 메뉴는 금돼지 본삼겹살, 금돼지 눈꽃특목살, 금돼지 등심덧살, 금돼지 항정살 등이 있다. 그 외 한우 탕탕육회, 함흥냉면, 유기농 솥밥정식, 사골우거지국밥이 인기가 있다. 이곳은 농림축산식품부 제공 안심식당이다. 취급 메뉴는 배달이 가능하다. 주변에 서울식물원습지원, 강서한강공원, 가양산문화공원이 있어 식사 전후에 둘러보기 좋다."
2603070,39,A05,A0502,A05020100,설마중,1,1015,서울특별시 서초구 남부순환로 2648 ,20190524014731,20230921170022,127.0382566953,37.4878311276,6.0,http://tong.visitkorea.or.kr/cms/resource/72/2603072_image2_1.JPG,음식,한식,12245,"설마중은 서울시 서초구에 위치하였으며 숯불갈비 코스요리 전문점으로 한정식 코스요리까지 제공한다. 상견례, 소규모 돌잔치, 칠순 등 부모님 생신잔치 장소로 각광받고 있으며 외국인들이 좋아하는 메뉴인 양념갈비에, 한국의 대표 요리인 한정식을 소개할 수 있어 외국인 귀빈 접대 장소로 각광받고 있다. 실제로 외국인 손님들을 접대하는 기업 쪽에서 매일 방문하는 코스이다. 넓은 주차장 시설이 있고 발렛 주차도 가능하다."
2834443,39,A05,A0502,A05020900,쟝블랑제리,1,1005,서울특별시 관악구 낙성대역길 8 ,20220809114236,20220809114245,126.9620000459,37.4772559884,6.0,http://tong.visitkorea.or.kr/cms/resource/40/2834440_image2_1.jpg,음식,간이음식,12204,"쟝블랑제리는 낙성대역 4번 출구 서울대 후문 마을버스 종점에 있는 빵집이다. 10년 넘게 한 곳에서 매장을 운영하고 있으며 최근 중소벤처기업부 인증 '백년가게'로 선정됐다. 재료를 아낌없이 쓰는 빵집으로 서울의 5대 빵집 중 한 곳이다. 네이버 스마트 쇼핑 스토어에 입점해 있고, 젊은이들 사이에서는 꼭 찾아가야 하는 빵지순례 장소이기도 하다. 소보루 빵(곰보빵) 사이에 고소한 단팥, 완두 앙금, 밤, 호두, 버터크림, 잼을 푸짐하게 품은 맘모스 빵이 이 집의 대표 메뉴고, 다양한 크로켓, 큼직한 양의 앙금을 넣어 만드는 단팥빵도 인기 메뉴다."
2778424,39,A05,A0502,A05020100,금돼지식당,1,1024,서울특별시 중구 다산로 149 (신당동),20211124185036,20230206111448,127.0116904857,37.55713649,6.0,,음식,한식,11996,"신당동 길가에 자리한, 흰색 타일에 황금색 간판이 눈에 띄는 금돼지식당은 식사 시간이 아닌데도 문밖으로 길게 줄 서있는 풍경이 낯설지 않을 만큼 인기가 높다. 이곳의 대표는 살코기의 풍부한 육즙, 탄력 있고 쫄깃한 식감, 그리고 지방의 풍미가 잘 살아 있는 돼지 품종을 찾기 위해 오랜 시간을 투자했다고 한다. 갈비뼈가 붙어 있는 본삼겹과 등 목살 등의 특수 부위를 연탄불에 달군 주물 판에 구우면 고기가 타지 않고 맛있게 익는다. 그 흔한 돼지고기지만, 한번 맛보면 절대 잊을 수 없을 것이다. 예약은 받지 않는다.
(출처: 미쉐린가이드 서울 2023)"
2850213,39,A05,A0502,A05020100,가양칼국수버섯매운탕,1,1020,서울특별시 영등포구 국제금융로 78 홍우빌딩 ,20220906153239,20220906153252,126.9313127207,37.5209253677,6.0,http://tong.visitkorea.or.kr/cms/resource/01/2850201_image2_1.jpg,음식,한식,11849,"가양칼국수버섯매운탕은 서울특별시 영등포구 여의도동에 있는 칼국수 맛집으로 지하철 9호선과 신림선을 이용 샛강역 2번 출구로 나오면 부근에 있다. 주차는 매장이 있는 건물 자체 주차장을 이용할 수 있다. 대표 메뉴는 칼국수버섯매운탕으로 TV 프로그램에도 여러 번 소개된 맛집이다. 인원수대로 매운탕을 주문하면 버섯, 채소, 밥, 면은 무료로 무한 제공된다. 재료가 신선하고 양이 푸짐해서 인기가 많다, 식당 인근에 사무실이 많아 식사 시간대에는 늘 웨이팅 있다. 주변에 여의도샛강생태공원과 자매공원이 있어 식사 전후에 둘러보기 좋다."
132901,39,A05,A0502,A05020100,형제갈비,1,1014,서울특별시 서대문구 명물1길 2 ,20040218090000,20230920170357,126.9373583481,37.5579156217,6.0,http://tong.visitkorea.or.kr/cms/resource/37/1900437_image2_1.jpg,음식,한식,11746,"신촌에서 50년 동안 자리를 지키며 변함없는 갈비맛을 유지하고 있다.
착한 가격에 맛있는 불고기를 제공하여 많은 사람들이 찾는다. 또한 담백한 맛의 도톰한 생갈비와 육질이 연한 양념갈비가 인기 메뉴이다. 1층은 갈비탕만을 판매하는 갈비탕 전문으로 운영되며 3층에서 숯불갈비, 불고기, 평양냉면을 판매 중이다.<br>"
2763710,39,A05,A0502,A05020100,일미간장게장본점,1,1011,서울특별시 동대문구 장한로24길 7 (장안동),20211027225043,20231012134105,127.0715346417,37.5709609604,6.0,,음식,전문음식,11462,"서울 동대문구 장안동 상가 거리에 있는 40여 년 전통의 간장게장 전문 식당으로, 간장게장을 좋아하는 사람들에게 잘 알려진 인기 있는 식당이다. 다수의 TV 프로그램에 소개되면서 더욱더 유명해졌다. 대표 메뉴는 한방 약재를 넣고 달인 특제 간장으로 담근 간장게장이고, 양념게장과 꽃게찜, 굴비 한상차림도 있다. 대형 주차장이 완비되어 있으며, 24시간, 365일 연중무휴로 운영한다."
2824947,39,A05,A0502,A05020200,멕시칼리,1,1006,서울특별시 광진구 능동 256-8 1층,20220622171934,20220701140719,127.0884891695,37.5527967094,6.0,,음식,외국식,11426,"멕시코 북부 지역의 타코맛을 맛볼 수 있는 멕시칼리, 매일 아침 또르띠아와 살사, 모든 재료들을 손수 만들고 있다. 
특히 멕시코 음식만의 특유의 비쥬얼과 풍미가 더해 입맛을 사로잡는다."
2843075,39,A05,A0502,A05020200,돈까스의집,1,1018,서울특별시 송파구 삼전로 100 아카데미빌딩 ,20220824135442,20220916161427,127.0906986015,37.5070159544,6.0,http://tong.visitkorea.or.kr/cms/resource/60/2843060_image2_1.jpg,음식,전문음식,11420,"돈까스의집은 9호선 삼전역 2번 출구 잠실학원사거리 인근에 있다. 건물 뒤편 지하 주차장 있어 주차하기 편하다. 역사가 오래된 경양식 집이라 생각이 안 들 정도로 실내외 인테리어가 깔끔하다. 대표 메뉴는 돈가스인데 기본으로 깍두기, 수프, 양배추샐러드, 단무지가 나오고 밥 또는 빵을 선택할 수 있다. 빵은 기름에 튀긴 모닝빵과 사과잼이 제공된다. 돈가스 소스는 옛날 경양식에서 맛볼 수 있는 건더기가 걸쭉한 소스가 올라간다. 함박스테이크에 반숙 프라이가 고명으로 올라간 정식 세트도 인기 메뉴다. 식당 인근에 석촌호수, 대형 테마파크 놀이공원, 대형 쇼핑몰, 송파책박물관, 한성백제박물관 등이 있어 연계 관광을 할 수 있다."
2762892,39,A05,A0502,A05020200,아델라베일리,1,1023,서울특별시 종로구 북악산로 48 (부암동),20211027002142,20221206094109,126.9701876319,37.5952452046,6.0,,음식,전문음식,11085,"서울 종로구 북악스카이웨이 올라가는 길에 위치한 전망 좋은 카페 겸 레스토랑이다. 내부 통유리 창으로 보이는 나무들이 숲속에 와있는 기분을 들게 하고, 루프탑에서는 서울 시내가 훤히 내려다 보여 낮과 밤 모두 전망이 좋다. 런치와 디너 코스가 대표 메뉴이며, 1층에는 베이커리가 별도로 운영되고 있다. 하우스 웨딩, 갤러리 전시, 기업 행사가 열리기도 하고, 넓은 정원과 루프탑에서는 야간 야외 결혼식이 열리기도 한다."
2860770,39,A05,A0502,A05020100,갈비사랑,1,1015,서울특별시 서초구 강남대로 204 갈비사랑 ,20220927114246,20221004103506,127.0367458713,37.482531716,6.0,http://tong.visitkorea.or.kr/cms/resource/58/2860758_image2_1.jpg,음식,한식,10882,"갈비사랑은 지하철 3호선, 신분당선 양재역 8번 출구 서울행정법원 부근에 있다. 매장 단독 건물이고 자체 주차장을 갖추고 있으며 발렛파킹 서비스를 이용할 수 있다. 이곳은 양재역에서 25년간 영업해온 갈빗집으로 방송사 TV 맛집 프로그램에 소개된 바 있다. 내부는 넓은 홀에 다양한 테이블에 개별 룸까지 갖추고 있어 단체 행사나 가족 모임에도 적당하다. 대표 메뉴로는 양념갈비, 우대 갈비, 생갈비, 생등심이 있다. 그 외 점심 특선으로 매운 갈비찜 정식, 한우 불고기 정식, 사랑 정식 등이 있다. 주변에 말죽거리 공원이 있어 식사 전후에 둘러보기 좋다."
2839940,39,A05,A0502,A05020100,늘푸른목장잠실본점,1,1018,서울특별시 송파구 백제고분로9길 34 1F,20220819145518,20220825165707,127.0826548153,37.5096321728,6.0,http://tong.visitkorea.or.kr/cms/resource/36/2839936_image2_1.jpg,음식,한식,10675,"늘푸른목장 잠실본점은 2호선 잠실새내역 4번 출구 잠실 천주교성당 인근에 있다. 주차장 공간이 협소해 대중교통을 이용하는 것이 좋다. 매장에서 대리 주차를 해준다. 음식점 내부는 원목 인테리어로 되어있고, 홀 정중앙에 오픈 주방이 있어 손님상에 나가는 고기손질 과정을 직접 확인할 수 있다. 대표 메뉴는 경주갈비살과 육회이다. 밑반찬은 마늘, 소금, 양파절임, 김치, 무 쌈, 파채, 쌈장, 미역국이 나온다. 구이용 불은 참숯을 사용한다. 사이드 메뉴로는 된장찌개, 평양냉면, 계란찜이 있다. 인근에 잠실종합운동장 공원과 유명 테마공원이 있어 연계 관광을 할 수 있다."
2709706,39,A05,A0502,A05020100,황금콩밭,1,1013,서울특별시 마포구 마포대로16길 9 (아현동),20210312024659,20230403134434,126.9567289999,37.5510139934,6.0,http://tong.visitkorea.or.kr/cms/resource/47/2705147_image2_1.jpg,음식,한식,10663,100% 국내산 콩과 소금으로 매일 새벽 당일 판매할 두부를 만드는 두부 전문점이다. 황금콩밭의 두부는 진한 두유와 소량의 간수를 사용해 콩 특유의 고소하면서도 달달한 맛과 우유처럼 부드러운 식감을 자랑한다.
2758120,39,A05,A0502,A05020100,푸주옥,1,1019,서울특별시 양천구 남부순환로 663 (신정동),20211018222548,20230221132138,126.8429766262,37.5102805829,6.0,,음식,한식,10472,"거대한 가마솥에 우려낸 진한 국물 맛을 자랑하는 설렁탕과 도가니탕, 수육을 판매하는 24시간 운영 식당이다. 식당 안으로 들어오면 입구에 거대한 가마솥에 국물을 우려내는 모습을 볼 수 있다. 서울 양천구의 대표 녹지인 매봉산과 계남 근린공원으로 둘러싸인 곳에 자리하고 있어 식사 후 산책하기도 좋은 위치에 있다. 2호선 신정네거리역 양천고등학교 맞은편에 있다."
2438867,39,A05,A0502,A05020100,대성집,1,1023,서울특별시 종로구 사직로 5 ,20161109234349,20230104112420,126.960916892,37.5727393211,6.0,http://tong.visitkorea.or.kr/cms/resource/51/2477751_image2_1.jpg,음식,한식,10395,"대성집은 서울 종로구에 위치한 도가니탕 전문점이다. 뽀얗고 맑은 국물에 고기가 붙은 도가니와 쫄깃한 힘줄이 풍성하게 들어있는 도가니탕이 대표 메뉴인데, 도가니와 힘줄을 특제 간장 소스에 찍어먹는 맛이 별미이다. 이 외에도 수육과 해장국을 맛볼 수 있다. 미쉐린 가이드 서울 2023에 선정될 만큼 맛이 좋기로 유명한 곳이다. 재료 소진 시 조기 마감을 하고 있으므로 방문 전 영업여부를 확인해 보는 것이 좋다."
2842903,39,A05,A0502,A05020100,원조조박집본관,1,1013,서울특별시 마포구 토정로37길 3 ,20220824132002,20220824132012,126.9443804404,37.5398650677,6.0,http://tong.visitkorea.or.kr/cms/resource/97/2842897_image2_1.jpg,음식,한식,10388,"마포역 1번 출구 근처에 있는 고깃집이다. 대표메뉴는 양념돼지갈비이다. 파무침, 양배추샐러드, 동치미소면, 열무김치가 기본 세팅으로 같이 나온다. 짜지 않고 적당한 단맛의 양념돼지 갈비가 인기다. 동치미 국수가 유명하다. 와인바도 함께 운영하는 것이 특징이다. 매장이 넓어 테이블 간격이 여유 있다. 단체석도 있어 모임이나 회식하기에 좋다. 마포 유수지 공영주차장을 이용할 수 있다. 차량 10분 거리에 여의도 한강공원이 있어 식사 후 산책하기 좋다."
2944608,39,A05,A0502,A05020100,밀란국수개포본점,1,1001,서울특별시 강남구 개포로28길 4 ,20230118180453,20230118180625,127.0491226348,37.4785740643,6.0,,음식,한식,10380,"개포동에서 가성비 맛집으로 숨은 맛집이다. 신선한 재료와 천연 조미료만을 사용하여 건강한 음식을 만든다. 메뉴는 샤브샤브와 코다리찜, 칼국수, 떡국, 굴국밥 등이 있다. 산지 직거래로 당일 공수한 신선한 재료와 천연 조미료로 맛을 내 자극적이지 않고 깔끔하다. 겨울에 가장 인기있는 메뉴는 시래기들깨떡국인데 들깨가루가 듬뿍 들어가 고소한 맛이 일품이다. 밀란국수의 모든 면에는 메밀이 함유되어 있어 면이 구수하다."
403044,39,A05,A0502,A05020100,무교동북어국집,1,1024,서울특별시 중구 을지로1길 38 ,20080120063722,20221019134503,126.9798819707,37.5677985691,6.0,http://tong.visitkorea.or.kr/cms/resource/44/399344_image2_1.jpg,음식,한식,9996,"옛날 조리방식 그대로 조리를 해서 구수한 북어 해장국의 독특한 맛을 지켜온 무교동 북어국집은 서울시청 뒤에 자리하고 있다. 1968년부터 자리를 지켜온 이 음식점은 처음에는 터줏골로 알려졌던 곳인데 지금은 그 이름이 무교동 북어국집으로 바뀌었다. 메뉴는 단 한가지 북어 해장국만 있는 음식점이다. 
평일에도 음식점 밖으로 줄이 이어져 있지만, 메뉴가 한 가지라 음식은 빨리 나온다. 또한 테이블에 기본 반찬이 담긴 그릇이 놓여 있기 먹을 만큼 덜어 먹으면 된다. 진하고 뽀얀 북엇국의 국물이 속을 시원하게 풀어주는데 밥과 국은 계속 리필이 되므로 저렴한 비용으로 양껏 먹을 수 있어 좋다. 비록 외형은 소박하고 서민적인 음식점이지만 그 맛에는 정성과 세월의 깊이가 담겨 있다."
2836098,39,A05,A0502,A05020400,쥬에,1,1021,서울특별시 용산구 독서당로 124-7 태흥영화주식회사 ,20220811163937,20220916130605,127.0128076059,37.5375387871,6.0,http://tong.visitkorea.or.kr/cms/resource/93/2836093_image2_1.jpg,음식,외국식,9990,"쥬에 중식당은 경의중앙 옥수역 3번 출구 말레이시아 대사관 인근에 있다. 이곳은 미쉐린 가이드 서울 2022에 선정된 맛집이다. 식당의 내부는 통유리로 되어 있어 서울 시내가 보인다. 이곳은 정통 광둥식 요리를 판매하고 있다. 이곳은 코스 메뉴가 있는데 공작, 후작, 백작, 자작, 남작이라는 작위를 딴 이름으로 구성되었다. 코스 메뉴는 식사와 별도로 중국차를 필수 선택해야 한다. 쥬에의 대표 메뉴는 돼지 바비큐다. 특제 양념에 잰 통고기를 고온에서 구워 조리한다. 식당 인근에는 남산 서울타워, 숭례문, 광화문, 쇼핑타운, 용산공원, 국립중앙박물관 등이 있어 연계 관광이 가능하다.
※ 반려동물 동반 불가"
2832820,39,A05,A0502,A05020100,황금정원,1,1010,서울특별시 도봉구 방학로 312 ,20220805103302,20220920140706,127.0177535924,37.6629409646,6.0,http://tong.visitkorea.or.kr/cms/resource/11/2832811_image2_1.jpg,음식,한식,9930,"황금정원은 우이동의 맛집이자 방학동의 쌈밥 맛집이다. 우이신설선 북한산역우이역 1번 출구에서 10분 거리다. 원목과 황토로 만든 건물은 주변 자연경관과 잘 어울리는 이곳만의 식당 풍경을 볼 수 있다. 쌈밥에 보통 나물 반찬과 제육볶음을 주는 음식점이 대부분인데 황금정원은 낙지 쌈밥, 소불고기 쌈밥을 제공해 어린이부터 어른까지 다양한 메뉴를 맛볼 수가 있다. 식당에는 마당과 야외정원이 있다. 이곳과 테라스에서 식후 디저트를 즐길 수 있다. 커피를 마시다 보면 식당 주위가 숲으로 둘러싸여서 마치 무릉도원에 있는 기분이 든다. 황금정원은 북한산이나 수락산 등산을 마친 등산객이 기력 보충을 위해 들리기 좋은 곳에 있다. 참고로 상차림 특성상 1인 판매는 불가하다.
※ 반려동물 동반 불가"
2689420,39,A05,A0502,A05020100,유래회관,1,1016,서울특별시 성동구 마장로 196 ,20201130202329,20221111121024,127.0315495219,37.5664913161,6.0,http://tong.visitkorea.or.kr/cms/resource/40/2684740_image2_1.jpg,음식,한식,9759,57년 전통의 한우등심을 맛볼 수 있는 맛집이다. 대표메뉴는 등심이다. 서울특별시 성동구에 있는 한식전문점이다.
2849272,39,A05,A0502,A05020100,발산삼계탕,1,1004,서울특별시 강서구 강서로 344 ,20220906094826,20220906094836,126.837831357,37.556322362,6.0,http://tong.visitkorea.or.kr/cms/resource/63/2849263_image2_1.jpg,음식,한식,9699,"발산삼계탕은 지하철 5호선 6번 출구 부근에 있다. 매장이 있는 상가 건물 앞에 자체 주차장이 있어 방문 시 자동차로 이용하기 편리하다. 이곳은 5년근 인삼으로 국물을 낸 삼계탕 전문점이고 육질이 좋은 영계만을 사용한다. 산삼에서 추출한 배양근과 능이를 넣어 삼계탕을 만드는 게 특징이다. 매장 안은 넓은 홀이고 테이블이 많아 각종 단체 행사나 가족 모임에 적합하다. 이곳은 농림축산식품부 안심식당으로 인증받았다. 대표 메뉴는 발산삼계탕, 누룽지삼계탕, 산삼배양근 능이삼계탕, 용미봉탕이 있다. 그 외 발산숯불구이가 인기가 많다. 주변에 수명산, 우장산, 개화산이 있어 등산 코스와 연계하기 좋다."
2758166,39,A05,A0502,A05020400,오향가가락본점,1,1018,서울특별시 송파구 송이로 106 (가락동),20211018225626,20230913150002,127.1214044311,37.4968204688,6.0,,음식,전문음식,9639,"오향가가락본점은 일반 중식당과는 다르게 족발과 짬뽕을 판매하는 식당이다. 족발 위에 해파리냉채를 얹어 겨자소스를 부어 내주는 냉족발이 인기다. 차가운 냉족발과 대비되는 짬뽕, 들깨 미역국과 탕수육도 인기 메뉴이며 족발과 장육은 저녁에만 판매한다. 저녁이나 주말에는 대기자가 많으니 참고 바란다."
2839004,39,A05,A0502,A05020200,꼼떼바베큐둔촌본점,1,1002,서울특별시 강동구 동남로51길 9 ,20220818150742,20220818150756,127.1496369415,37.5331334298,6.0,http://tong.visitkorea.or.kr/cms/resource/97/2838997_image2_1.jpg,음식,전문음식,9618,"꼼데 바베큐 둔촌본점은 서울 둔촌동 서울중앙보훈병원 인근에 있다. 외부에는 테라스 테이블이 세팅되어 있어 야외에서 식사를 할 수 있다. 야외 캐노피 아래 테이블도 설치되어 있어서 취향에 맞게 테이블을 골라 앉을 수 있다. 이곳의 대표 메뉴는 자이언트 바베큐 플래터, 홈메이드 리코타 치즈 샐러드다. 밑반찬으로는 피클과 마늘쫑이 섞여 나오고 그 외에는 소스 3가지가 나온다. 이곳의 특별한 점은 메인 메뉴가 나오기 전 포테이토칩이 애피타이저로 제공된다는 것이다. 자이언트 바베큐 플래터에는 부챗살 스테이크와 돼지갈비, 백립, 통 닭다리 구이, 소시지, 버섯, 파인애플 등 넉넉하게 구성되어 있다. 식당과 가까운 곳에 공원과 영화관이 있어 식사 후 들르기 좋다."
2755472,39,A05,A0502,A05020100,우이산장키토산오리집,1,1003,서울특별시 강북구 삼양로181길 141-5 (우이동),20211012185130,20230220105819,127.0077154291,37.6695927877,6.0,,음식,전문음식,9534,우이동 방면의 북한산 국립휴양림 내에 위치한 식당으로 100석 이상의 규모를 갖췄다. <br>통나무로 지어진 2층 식당 주변으로 커다란 소나무와 나무들이 가득하며 식당 입구에 쌓아둔 장작더미가 식당 이름처럼 산장을 연상시킨다. 서울 도심에서 멀리 여행을 온 듯한 느낌으로 식사를 한 후에는 주변 산책로를 거닐 수 있고 차를 마실 수 있는 야외 휴식공간도 마련되어 있다.
2783402,39,A05,A0502,A05020900,하츠베이커리,1,1018,서울특별시 송파구 중대로 210 (가락동),20211130191712,20231004105458,127.1271899119,37.5004840363,6.0,http://tong.visitkorea.or.kr/cms/resource/41/2790441_image2_1.jpg,음식,간이음식,9362,"하츠베이커리는 서울 송파구 가락동에 위치한 베이커리 카페로 1층은 베이커리 공간, 2층과 3층은 카페, 테라스 공간이다. 게시판에 40년 장인이 만든 베이커리 Best 8을 안내해 구매 시 참고해도 좋다. 그중 1등 대표 메뉴는 SBS <생방송 투데이> 2766회(2021.02.23)에 소개된 '공주밤팥빵'이다. 그 밖에도 프랑스바게트, 시오빵(소금빵), 치아바타, 맘모스빵 등 다양한 종류의 빵을 판매하고 있으며, 택배로도 주문이 가능하다. 지하철 5호선 오금역 4번 출구에서 도보 1분 거리에 있고 차량 이용 시 주차가 가능하다."
2839950,39,A05,A0502,A05020100,명인밥상,1,1018,서울특별시 송파구 송이로 155 지하1층,20220819150106,20220825165642,127.1250514194,37.4933681573,6.0,http://tong.visitkorea.or.kr/cms/resource/47/2839947_image2_1.jpg,음식,한식,9307,"명인밥상은 3호선 경찰병원역 4번 출구 팔각정어린이공원 인근에 있다. 매장 안은 대기 손님들을 위한 휴게 공간이 마련되어 있고 단체석이 준비되어 있어 가족 행사나 회사 모임을 할 수 있는 곳이다. 이 식당의 대표 메뉴는 한식 장인이 만든 전복갈비찜밥상, 제육구이밥상, 보리굴비밥상, 고등어구이밥상이 있다. 한정식에는 20여 가지 기본 반찬과 어린이를 위한 떡볶이와 콘 샐러드가 나온다. 한식 샐러드 바가 있어 모자라는 반찬은 셀프로 추가할 수 있다. 밥은 돌솥 밥으로 나와 따뜻한 숭늉과 누룽지를 먹을 수 있다. 정식에 나오는 대표 메뉴를 단품으로 추가해서 먹을 수 있다. 인근에 석촌호수, 유명테마놀이공원, 대형마트와 공원이 있어 연계 관광을 할 수 있다."
2752172,39,A05,A0502,A05020100,대우부대찌개,1,1001,서울특별시 강남구 테헤란로25길 34 (역삼동),20211001012919,20231026091823,127.0352870976,37.502798781,6.0,,음식,전문음식,9306,"1984년에 영업을 시작한 부대찌개 전문식당으로 찌개에 미나리가 들어 있어 깔끔하고 담백한 국물 맛이 특징이다. 주문과 동시에 요리가 시작되며 역삼동 인근 직장인들에게 인기 식당으로 손님이 많은 편이다. TV 프로그램 ‘수요미식회’, ‘맛있는 녀석들’에도 소개되었고, 2017년부터 5년간 블루리본 서베이에 수록되었다."
402888,39,A05,A0502,A05020100,제일콩집,1,1009,서울특별시 노원구 동일로174길 37-8 ,20080120063145,20230310102649,127.077677142,37.6195776431,6.0,http://tong.visitkorea.or.kr/cms/resource/88/398888_image2_1.jpg,음식,한식,9140,"공릉동에 위치한 제일콩집은 25년의 전통을 자랑하는 전문 콩요리집이다. 강원도 홍천에서 공수해온 국산 콩만을 사용하여 맷돌로 손수 갈아 손님상에 내놓기 때문에 더욱더 고소하고 담백한 맛을 낸다. 또 그날 그날 사용할 만큼의 양만 갈기 때문에 항상 신선한 음식을 대접한다는 것도 최상의 맛을 내는 비결이기도 하다. 

손두부, 콩탕, 청국장, 순두부, 두부찌개, 콩국수 등 콩을 사용한 다양한 요리가 준비되어 있다. 특히 여름철에는 고소하고 담백한 콩국수 요리가 단연 인기 메뉴라 할 수 있겠다. 그 옛날 어머니가 만들어준 고향의 맛이 생각나게 하는 토속적이고 가정적인 깔끔한 음식이 인상적이다."
2757828,39,A05,A0502,A05020100,소백산양재별관,1,1015,서울특별시 서초구 강남대로8길 36 (양재동),20211016002838,20221130110147,127.0430706914,37.4685223439,6.0,,음식,한식,9092,"소백산 소 사육 농가에서 직접 운영하는 곳으로 양재동 맛집으로 유명하다. 주메뉴는 등심과 갈빗살. 가볍게 점심시간에는 갈비탕을 찾는 사람들도 많다. 강남에 넓은 주차장을 확보한 대형 단독건물로 지하철이나 승용차 모두 이용이 편리하다. 직접 담근 간장, 된장, 고추장, 참기름도 판매한다. 신분당선 양재시민의숲역 주택가 먹자 거리에 있다."
2438633,39,A05,A0502,A05020100,역전회관,1,1013,서울특별시 마포구 토정로37길 47 ,20161108232707,20230503141952,126.946996782,37.5429147603,6.0,http://tong.visitkorea.or.kr/cms/resource/45/2478045_image2_1.jpg,음식,한식,9032,4대를 이어 운영해오고 있는 한식 점문점이다. 대표메뉴는 불고기다. 서울특별시 마포구에 있는 한식전문점이다.
2839458,39,A05,A0502,A05020100,오모리찌개잠실본점,1,1018,서울특별시 송파구 송파대로 471 ,20220819094703,20220825171417,127.1040779097,37.508093848,6.0,http://tong.visitkorea.or.kr/cms/resource/49/2839449_image2_1.jpg,음식,한식,8957,"오모리찌개 잠실본점은 8, 9호선 석촌역 8번 출구 송파구청선거관리위원회 인근에 있다. 주차는 건물 지하 주차장을 이용하면 된다. 매장 1층은 면 종류를 팔고 2층은 오모리찌개를 판다. 현재는 1층에서 모든 메뉴를 24시간 영업한다. 이 음식점의 대표 메뉴는 묵은지가 들어간 오모리목살찜, 손으로 뽑은 수타 짜장면이 인기가 있다. 물과 반찬은 셀프이다. 묵은지가 들어간 오모리찌개는 1인 경우 공깃밥, 2인부터 즉석조리 밥을 제공한다. 그밖에 칼국수, 오모리 손만두, 오모리 고등어찜 등이 있다. 모든 메뉴는 포장이 된다. 근방에 송파나루공원, 석촌호수, 유명테마공원이 있어 연계 관광을 할 수 있다."
2654151,39,A05,A0502,A05020200,라세느롯데호텔서울,1,1024,서울특별시 중구 을지로 30 ,20200423234843,20210331195117,126.9816346542,37.565479425,6.0,http://tong.visitkorea.or.kr/cms/resource/06/2655206_image2_1.jpg,음식,전문음식,8942,서울특별시 을지로입구역 부근에 있는 뷔페이다. 대표메뉴는 뷔페이다. 한국 유명 호텔 내에 있다.
2758147,39,A05,A0502,A05020100,산삼청각,1,1018,서울특별시 송파구 송이로 151 (가락동),20211018224509,20221109113004,127.1249180932,37.4935459124,6.0,http://tong.visitkorea.or.kr/cms/resource/01/2790201_image2_1.jpg,음식,한식,8851,가락동 경찰병원 인근 대형 2층 한옥식 건물로 된 숯불구이 한상 차림 식당이다. '삼청각' 이름 앞에 산(山)자를 붙여 <산삼청각>이라고도 부른다. 숯불갈비와 한우등심이 주 메뉴이며 기본상차림의 반찬 가짓수가 많다. 음식의 맛과 서비스도 좋지만 한옥의 고급스러운 분위기의 인테리어와 식당 규모가 크고 개별 룸이 준비되어 있어서 가족모임 하기에 좋은 식당으로 인기다.
2850949,39,A05,A0502,A05020100,원두막,1,1019,서울특별시 양천구 신목로 56 ,20220907143011,20220907143022,126.8729680663,37.519907777,6.0,http://tong.visitkorea.or.kr/cms/resource/37/2850937_image2_1.jpg,음식,한식,8824,"원두막은 서울특별시 양천구 신정동에 있는 숯불갈비 전문점이다. 지하철 5호선 오목교역 인근에 있는 이곳은 100여 대가 동시 주차할 수 있는 넓은 주차장을 갖고 있다. 식당 내부도 넓어서 가족 모임이나 단체 회식을 하기 좋다. 대표 메뉴는 돼지갈비와 소갈비, 한우 모듬 구이이고 매일 100% 유기농 콩으로 만드는 두부와 순두부로도 유명한 식당이다.
참숯 화로에 구리 불판을 올려 구워낸 고기 맛이 별미이다. 점심 메뉴로는 청국장과 순두부가 있다. 보리밥과 낙지 정식, 보쌈과 육회비빔밥 등의 메뉴도 준비되어 있다. 원두막처럼 꾸며진 개별 룸과 통유리로 목동을 내려다 볼 수 있는 좌석이 있다. 신청 어린이공원, 양천공원, 실개천 생태공원, 안양천 가족공원이 가까이 있어 식사 후 산책하기 좋다."
2845699,39,A05,A0502,A05020100,뜨락,1,1001,서울특별시 강남구 영동대로142길 13-3 ,20220830110913,20220830110923,127.0555679713,37.524466074,6.0,http://tong.visitkorea.or.kr/cms/resource/92/2845692_image2_1.jpg,음식,한식,8813,"한우 전문점 뜨락은 7호선 청담역 14번 출구 영동대교 남단교차로 인근에 있다. 주차는 건물 내 주차장 또는 발레파킹을 할 수 있다. 이곳은 영동대교IC 인근 고층 아파트 둘러싸인 가운데 단독 건물로 강남 도심 속의 의외의 장소에 있다. 외형은 적색 벽돌 마감과 아치형 창문으로 되어있는 한적하고 차분한 고급스러운 단독 건물이다. 내부는 일반 홀과 각종 개별 룸으로 구성되어 있다. 이곳은 20년이 넘는 동안 특상 등급 한우를 손님상에 내고 있다. 대표 메뉴로 (1인)코스, 안심(130g)이 있다. 이외 메뉴로 평일한우세트(2인), 평일소꼬리찜세트(2인), 등심(130g), 안창살(120g), 살치살(120g)이 인기가 있다. 대표 메뉴인 한우 코스는 4인 이상에 식사가 가능하며 예약이 필수다. 식당 인근에는 서울 선릉과 정릉(세계문화유산), 잠실종합운동장, 유명테마공원, 잠실한강공원이 있어 연계 관광을 할 수 있다."
837020,39,A05,A0502,A05020100,황생가칼국수,1,1023,서울특별시 종로구 북촌로5길 78 ,20091028030300,20220916133135,126.9806371085,37.5800915979,6.0,http://tong.visitkorea.or.kr/cms/resource/56/1845156_image2_1.jpg,음식,한식,8673,칼국수 전문점으로 어머님 솜씨로 만든 왕만두가 일품인 곳이다. 옛날식 수육과 여름 한철 선보이는 콩국수도 별미이다.
2733858,39,A05,A0502,A05020400,램랜드,1,1013,서울특별시 마포구 토정로 255 (용강동),20210813220818,20230921103055,126.9388919493,37.5434895483,6.0,http://tong.visitkorea.or.kr/cms/resource/21/2786821_image2_1.jpg,음식,전문음식,8667,램랜드는 양고기전문점으로 신선한 양고기 등심을 갈비뼈를 따라 하나하나 잘라낸 삼각갈비는 소고기보다 육질이 연하고 지방이 적어 담백하고 고소한 맛이다. 2년 미만의 새끼 양을 사용하여 특유의 냄새를 없앴다.
2836064,39,A05,A0502,A05020100,남영돈,1,1021,서울특별시 용산구 한강대로80길 17 ,20220811162346,20220811162355,126.9737915663,37.5428013647,6.0,http://tong.visitkorea.or.kr/cms/resource/53/2836053_image2_1.jpg,음식,한식,8629,"남영돈은 4호선 숙대입구역 6번 출구 인근에 있다. 이 집은 30년 전통의 참숯 화로구이 돼지고기 전문점이다. 저녁 식사를 위해 오후 2시부터 웨이팅을 받는다. 전화, 앱이 아닌 직접 방문해야 웨이팅 예약이 가능하다. 주차장은 인근의 공영주차장을 이용해야 한다. 반찬은 6가지가 제공된다. 1인당 소스, 고추냉이, 젓갈류가 한 접시에 제공된다. 이곳의 대표 메뉴는 육즙 가득 삼겹살, 탱글탱글 목살, 쫀득쫀득 가브리살, 아삭아삭 항정살이다. 이곳은 손님이 보유하고 있는 와인을 직접 들고 가면 잔을 내어주는 '콜키지 프리' 서비스를 운영하고 있다. 식당 인근에는 남산서울타워, 숭례문, 용산공원, 국립중앙박물관 등이 있다."
2837937,39,A05,A0502,A05020100,평양집,1,1021,서울특별시 용산구 한강대로 186 ,20220817142916,20220817142929,126.9739889933,37.5349133954,6.0,http://tong.visitkorea.or.kr/cms/resource/32/2837932_image2_1.jpg,음식,한식,8564,"평양집은 4호선, 6호선 삼각지역 14번 출구 바로 앞에 있다. 주차장은 식당 앞에 공간이 넓어 그곳을 이용할 수 있다. 대표 메뉴인 곰탕과 양, 곱창, 차돌박이 등 소의 특수 부위를 전문적으로 취급하는 고깃집이다. 기본 반찬으로 양배추, 깍두기, 마늘, 고추장, 고추장아찌 등이 나오며 옛날 화로에 투박한 불판, 양철 테이블 등 오래된 노포 분위기를 느낄 수 있다. 아침 7시에 문을 열어 아침 식사를 할 수 있다. 아침 식사 메뉴는 내장 곰탕으로 평일은 오후 5시까지 주문할 수 있고, 주말과 공휴일은 오후 8시까지 주문할 수 있다. 인근에 용산공원, 전쟁기념관, 남산 서울타워, 호텔, 카지노, 박물관 등이 있어 연계 관광이 가능하다."
2733862,39,A05,A0502,A05020900,빌즈강남,1,1001,서울특별시 강남구 테헤란로 142 (역삼동),20210813221638,20230515093616,127.0349788776,37.4997880134,6.0,http://tong.visitkorea.or.kr/cms/resource/44/2788844_image2_1.jpg,음식,전문음식,8468,"호주의 유명 프랜차이즈 빌즈의 서울 지점 중 한 곳으로, 호주의 감성과 라이프 스타일을 체험할 수 있다.
호주 스타일의 브런치 메뉴, 리코타 핫케이크, 오가닉 스크램블 에그 등이 대표 메뉴이다."
2834678,39,A05,A0502,A05020900,브랜뉴하이몬드,1,1002,서울특별시 강동구 천호옛14길 11 ,20220809143654,20220809143705,127.1261723144,37.5364853944,6.0,http://tong.visitkorea.or.kr/cms/resource/64/2834664_image2_1.jpg,음식,간이음식,8325,"브랜뉴하이몬드는 천호역 6번 출구 롯데시네마 강동점 인근에 있는 베이커리 카페다. 이 가게는 1979년 몽블랑 베이커리로 시작하여 2004년에 카페드하이몬드로 한번 변경됐고 2019년에 브랜뉴하이몬드로 카페로 변신해 현재위치에 자리 잡았다. 이곳은 80년대부터 지금까지의 서울을 모두 겪어낸 역사 속 빵집으로. 대표적인 빵지순례 장소로 식사용 샌드위치, 조리 빵와 케이크, 빵, 디저트, 빙수와 카페 음료 등 다양한 메뉴와 넓은 공간, 좌석이 준비되어 있다. 인근에 서울스카이와 롯데뮤지엄이 있다."
1985338,39,A05,A0502,A05020100,영일분식,1,1020,서울특별시 영등포구 도림로141가길 34-1 ,20150122190505,20230308144111,126.8896583133,37.516302938,6.0,http://tong.visitkorea.or.kr/cms/resource/34/1984534_image2_1.jpg,음식,한식,8282,"[서울 영등포구 문래동4가에 위치한 칼국수 전문점 영일분식]<br />영일분식은 문래동에 있는 칼국수 전문음식점이다. 영일분식은 문래동4가 철공소 골목 내에 위치하였으며, 오래된 외관의 음식점이지만 실내는 외관과 다르게 깔끔하다. 영일분식에서는 칼국수, 칼비빔국수, 소면국수, 소면비빔국수, 메밀만두를 제공하고 있으며, 인원수 별로 메뉴를 주문하는 경우 국수와 밥을 리필할 수 있다. 영일분식은 재료가 떨어지는 경우 영업을 일찍 마감하기 때문에 전화 문의 후 방문하는 것이 좋다.<br>"
134810,39,A05,A0502,A05020100,황도바지락칼국수,1,1002,서울특별시 강동구 천호대로 1256 (둔촌동),20041216090000,20230728112051,127.1501867843,37.5369024462,6.0,http://tong.visitkorea.or.kr/cms/resource/36/1922336_image2_1.jpg,음식,한식,8215,"황도에서 생산하는 대한민국 최고의 바지락을 재료로 사용하여 국물 맛이 시원할 뿐만 아니라 바지락은 거의 대합 수준일 정도로 크기가 대단하다. 바지락 칼국수 집에서 가장 취약한 부분은 바지락을 먹다가 뻘을 씹는 경우가 많은데 이곳은 거의 뻘을 씹는 경우가 없을 정도로 해감(뻘 제거 작업)이 잘되어 있다. 이 집에서 갯벌 흙이 거의 씹히지 않는 이유는 황도에 해감을 전문으로 하는 공장을 갖고 있으며 그곳에서 7번에 걸친 해감 작업을 통해 남아있는 갯벌 흙을 완벽하게 제거하기 때문이다. 또한 칼국수, 냉국수, 수육, 왕만두와 함께 보리밥을 무한리필로 즐길 수 있는 음식점이다."
2873184,39,A05,A0502,A05020100,가야밀냉면해물칼국수,1,1022,서울특별시 은평구 대서문길 36 북한산성상가 A동 106호,20221024141353,20221024141407,126.948537895,37.6555794652,6.0,http://tong.visitkorea.or.kr/cms/resource/72/2873172_image2_1.jpg,음식,한식,8014,"가야밀냉면해물칼국수는 은평구 효자동 행정복지센터 부근 북한산 초입 상가에 있다. 상가 주차장과 공영주차장이 있어 방문 시 자동차를 이용하기 편리하다. 이곳은 37년 전통의 밀면 전문점으로 유명하다. TV 맛집 프로그램에 소개된 집으로 등산객들에게 오랜 사랑을 받아온 음식점이다. 매장 안은 넓고 테이블이 많다. 대표 메뉴는 물밀면, 비빔밀면, 콩밀면, 칼국수, 만두가 있다. 추가로 해물파전, 부추전, 감자전, 메밀전병이 인가가 많다. 주변에 북한산성이 있어 연계 관광에 좋다."
2853937,39,A05,A0502,A05020100,마복림할머니막내아들네,1,1024,서울특별시 중구 다산로 221 ,20220915135629,20220915135641,127.0151038977,37.5629747614,6.0,http://tong.visitkorea.or.kr/cms/resource/32/2853932_image2_1.jpg,음식,간이음식,7999,"신당역 7번 출구에서 도보 5분 이내 거리에 있는 떡볶이 전문점이다. 신당동 떡볶이 골목에 있다. 대표메뉴는 즉석떡볶이이고, 그 외에도 떡볶이, 오뎅, 순대, 닭발 등 다양한 메뉴가 있다. 24시간 영업이지만 매장 식사는 새벽 5시부터 오후 9시까지만 가능하다. 포장과 배달이 가능하다. 매장 앞에는 주차장이 없지만, 직원이 직접 발렛파킹을 해주기 때문에 차를 가지고 방문하기에 좋다. 매장 분위기가 예스럽고 정겨우며, 내부가 넓고 2층까지 있어서 여유 있게 식사를 즐길 수 있다. 근처에 서울중앙시장, 충무아트센터, 신당지하상가 등이 있어서 관광하기 좋다."
2834768,39,A05,A0502,A05020100,응순가재골수제비,1,1009,서울특별시 노원구 동일로242길 100 ,20220809151212,20220809151451,127.0606632374,37.6744820621,6.0,http://tong.visitkorea.or.kr/cms/resource/59/2834759_image2_1.jpg,음식,한식,7992,"응순가재골수제비 맛집은 7호선 수락산역 3번 출구 노원초등학교 인근에 있다. 얼큰하게 끓여 내는 수제비가 주메뉴다. 모 방송사 프로그램에 달인으로 선정될 만큼 수락산 자락을 대표하는 맛집이다. 두 번째로 인기가 많은 메뉴는 매콤 오징어 부추전으로, 등산객은 물론 동네 주민들로부터 사랑받고 있다. 주변에 벽운계곡이 있어 연계 관광이 가능하다."
1985351,39,A05,A0502,A05020100,문배동육칼,1,1021,서울특별시 용산구 백범로90길 50 ,20150122191043,20230613140017,126.970328168,37.5365964678,6.0,http://tong.visitkorea.or.kr/cms/resource/37/1984537_image2_1.jpg,음식,한식,7953,"문배동 육칼은 육개장 칼국수의 줄임말로 육개장과 칼국수를 함께 제공하는 음식점이다. 육개장과 칼국수(대)를 맛보거나 육개장과 칼국수(소)에 공깃밥을 맛볼 수 있다. 육개장은 포장 판매도 하며, 반찬 추가는 셀프이고, 육수는 리필이 가능하다."
2902652,39,A05,A0502,A05020100,혜화칼국수,1,1023,서울특별시 종로구 창경궁로35길 13 ,20221109102004,20221109102019,127.0015155765,37.586618992,6.0,http://tong.visitkorea.or.kr/cms/resource/46/2902646_image2_1.jpg,음식,한식,7946,"혜화칼국수는 서울특별시 종로구 혜화동에 있는 칼국수 맛집이다. 대중교통을 이용한다면 지하철 4호선 혜화역 4번 출구 부근에 있다. 혜화동의 오래된 노포로 1층과 1층에 좌식 테이블이 있다. 유명한 TV 프로그램에 소개되면서 더욱 그 맛을 인정받은 곳이다. 대표 메뉴는 국시, 수육, 생선튀김이고 수육, 바싹 불고기, 녹두빈대떡도 인기다. 주변에 창덕궁(세계문화유산), 종묘(세계문화유산), 하늘한마당이 있다 연계 관광에 좋다."
2836111,39,A05,A0502,A05020100,산들애건강밥상,1,1022,서울특별시 은평구 대서문길 43-16 ,20220811165203,20220811165214,126.9492544791,37.6561877405,6.0,http://tong.visitkorea.or.kr/cms/resource/06/2836106_image2_1.jpg,음식,한식,7924,"산들애건강밥상은 서울 은평구 진관동 북한산초등학교 인근에 있다. 이곳은 건강한 저염식 밥상 만들기를 통해 짠맛을 줄인 순한 식당으로 지정되었으며, 한국음식관광협회 제14대 대한민국 조리명인으로 선정되었다. 이 식당의 대표 메뉴인 코다리 구이는 콩나물과 양파볶음이 함께 나온다. 밑반찬은 샐러드 외 6가지가 나온다. 그 외 메뉴는 주꾸미볶음, 제육볶음, 감자전, 도토리묵이 있다. 북한산 등산 후 찾는 이가 많다. 붐비는 시간 대기자를 위해 2층에 따로 휴게 공간이 마련되어 있다. 식당의 인근에는 북한산과 은평한옥마을이 있어 연계 관광이 가능하다."
2870538,39,A05,A0502,A05020100,신동궁감자탕역삼본점,1,1001,서울특별시 강남구 테헤란로10길 21 ,20221019144528,20221019144611,127.0328319056,37.4978465342,6.0,http://tong.visitkorea.or.kr/cms/resource/23/2870523_image2_1.jpg,음식,한식,7922,"신동궁감자탕 역삼본점은 감자탕과 뼈숯불구이 맛집이다. 지하철 2호선 역삼역 3번 출구와 가깝다. 역삼 본점, 명동, 선릉, 청주점 등에도 매장을 갖고 있는 신동궁감자탕의 대표 메뉴는 감자탕과 뼈숯불구이, 뼈찜, 뼈해장국, 낙지뚝배기, 묵은지 김치찜, 뚝배기불고기 등이다. 뼈 숯불구이는 작은 것을 시켜도 푸짐하다. 뼈 숯불구이는 TV 맛집 프로그램에 여러 차례 소개되었다. 매장 인근에 역삼개나리공원, 역삼까치공원, 역삼공원이 있어 식사 후 가벼운 산책이 가능하다."
2763742,39,A05,A0502,A05020300,미우야,1,1015,서울특별시 서초구 강남대로23길 90 (양재동),20211027230245,20221202115025,127.0353962329,37.474088227,6.0,,음식,전문음식,7832,"서울 서초구 양재천 카페거리, 메타세쿼이아 거리에 있는 일본식 우동 소바 전문점이다. 건물 앞에 언제나 긴 줄로 식사를 기다리는 사람들을 볼 수 있다. 시금치와 계란이 올라간 베이컨 소바와 생크림과 명란으로 만든 우동 등, 특이한 면과 초밥 종류를 맛볼 수 있다. 식사 후에는 양재 시민의 숲과 양재천 공원을 걸을 수 있다. 지하철 신분당선 양재시민의숲역 1번 출구에서 여의천을 따라가다 양재천 숲길과 만나는 곳에 있다."
2836182,39,A05,A0502,A05020100,용마해장국,1,1025,서울특별시 중랑구 용마공원로5길 8 ,20220812094354,20220812094404,127.1015479043,37.594500433,6.0,http://tong.visitkorea.or.kr/cms/resource/79/2836179_image2_1.jpg,음식,한식,7754,"용마해장국집은 서울 중랑구 망우동 용마공원 면북초등학교 인근에 있다. 망우동 주택가 붉은색 2층 건물에 있다. 주차는 어렵고 인근 유료 주차장을 이용해야 한다. 24년 전통의 해장국만 파는 집으로, 여러 방송에 소개되었고 연예인도 다녀간 맛집이다. 단일 품목인 해장국에는 소 목뼈, 선지, 우거지, 콩나물이 들어간다. 고추장아찌는 이 집만의 노하우로 손수 만든 반찬이다. 해장국 포장도 가능하며, 고추장아찌는 별도 주문 메뉴이기도 하다. 식당 인근에는 캠핑장, 골프장, 공원 등 관광지가 있어 연계 관광이 가능하다."
2849708,39,A05,A0502,A05020100,마부자생삼겹살,1,1004,서울특별시 강서구 마곡중앙5로 6 마곡나루역보타닉푸르지오시티 1층 121호,20220906125633,20220906125650,126.826970926,37.5673431093,6.0,http://tong.visitkorea.or.kr/cms/resource/04/2849704_image2_1.jpg,음식,한식,7751,"마부자생삼겹살은 지하철 9호선, 공항선 마곡나루역 1번 출구 바로 앞에 있다. 매장 상가건물에 자체 주차장이 있어 방문 시 자동차로 이용하기 좋다. 전철역이 가까워 대중교통 이용도 편리하다. 이곳은 늘 만석이라 웨이팅을 생각하고 방문해야 한다. 마부자삼겹살은 두툼한 국내산 생삼겹과 김치를 함께 올려 굽는 맛집으로 유명하다. 마지막 코스로 볶음밥으로 마무리하는 조합이 인기가 많다. 대표 메뉴로 생삼겹살, 목살, 물냉면, 볶음밥이 있다. 추가로 김치찌개와 계란말이가 많이 나간다. 주변에 돌고랑 문화공원과 서울식물원습지원, 강서한강공원이 있어 식사 전후에 둘러보기 좋다."
2754725,39,A05,A0502,A05020100,애란궁,1,1001,서울특별시 강남구 광평로 220-12 (수서동),20211007234058,20231026151523,127.0978485787,37.4848964284,6.0,,음식,전문음식,7686,"오리 요리와 한정식을 전문으로 하는 식당으로, 직접 텃밭에서 재배한 야채와 장과 장아찌를 제공한다. 건강한 식사를 원하는 사람들에게 인기 있는 식당으로 예약을 하지 않으면 대기할 수 있다. 주택을 개조한 인테리어로 계절이 좋을 때는 야외 테라스에서 차를 마실 수 있고, 수백 개의 난 구경과 더불어 넓은 정원을 여유롭게 산책할 수 있다."
2870779,39,A05,A0502,A05020100,한티옥,1,1001,서울특별시 강남구 도곡로 418 강원빌딩 ,20221019162733,20221020164613,127.0562631303,37.4970109405,6.0,http://tong.visitkorea.or.kr/cms/resource/60/2870760_image2_1.jpg,음식,한식,7555,"한티옥은 수인분당선 한티역 3번 출구 단국사대부속고등학교 인근에 있다. 이곳은 안동국시를 대표 메뉴로 향토 음식을 파는 가게다. 건물 앞에 주차장이 있고 발레파킹 서비스를 받을 수 있다. 내부는 4인에서 8인 테이블로 간격이 넓고 테이블마다 공간 구분 파티션이 설치되어 있다. 식사 메뉴는 안동국시, 안동국밥, 양지국밥, 곤드레비빔밥, 만두국, 통국수, 보쌈정식, 밀사랑정식이 있다. 별식으로 손만두, 녹두전, 동태전, 홍어무침, 수육이 있다. 방송사 맛집 프로그램에 소개된 음식점이다. 인근에 한티근린공원, 논현까치공원이 있어 식사 후 가벼운 산책이 가능하다."
2840078,39,A05,A0502,A05020100,장털보설렁탕본점,1,1018,서울특별시 송파구 중대로 288 ,20220819161859,20220916133121,127.1324753803,37.506191803,6.0,http://tong.visitkorea.or.kr/cms/resource/70/2840070_image2_1.jpg,음식,한식,7502,"장털보설렁탕은 서울특별시 송파구 오금동에 있다. 대중교통을 이용한다면 3호선과 5호선 오금역 2번 출구와 가깝다. 가게 입구에 커다란 가마솥을 걸어놓고 하루 종일 뽀얀 국물을 우리는 모습이 인상적이다. 주방도 오픈형이라 믿음이 간다. 테이블 마다 배추김치와 무김치가 담긴 작은 단지가 있어 김치는 원하는 만큼 직접 덜어 먹을 수 있고 입식과 좌식 테이블이 섞여 있어 취향대로 원하는 자리에 앉을 수 있다. 새벽 5시부터 영업을 시작해 아침 식사할 수 있는 곳으로 대표 메뉴는 설렁탕, 해장국, 털보탕이고 도가니탕, 꼬리곰탕, 수육도 주문이 많다. 식당 인근에 오금공원, 백토공원 성내천 물빛광장이 있어 식사 후 가볍게 산책하기 좋다."
2849386,39,A05,A0502,A05020100,나리의집,1,1021,서울특별시 용산구 이태원로 245 ,20220906102438,20220906102452,127.0002559896,37.5368775275,6.0,http://tong.visitkorea.or.kr/cms/resource/64/2849364_image2_1.jpg,음식,한식,7463,"나리의집 식당은 6호선 한강진역 1번 출구 인근에 있다. 주차는 가게 앞 주차할 수 있으나 협소하여 대중교통을 이용하는 것이 좋다. 식당의 간판에서 노포의 느낌이 먼저 든다. 기본 웨이팅이 있어 종이 번호표를 받고 기다려야 한다. 대표 메뉴는 냉동 삼겹살과 청국장인데 냉동 삼겹살을 주문하면 기본 반찬 콩나물무침, 오이, 계란말이, 김치, 상추, 파절이 등이 나온다. 주인 할머니가 직접 만든 청국장도 좋다. 이 외 김치섞어찌개도 세트 메뉴로 인기가 있고 순두부, 김치, 당면이 섞여 있어 밥도둑이라 할 만큼 맛있다. 식당 인근에 한남동 카페거리, 삼성미술관, 용산공예관이 있어 연계 관광을 할 수 있다."
2752546,39,A05,A0502,A05020100,돝고기506,1,1001,"서울특별시 강남구 역삼로17길 53 (역삼동)서연빌딩 2,3층",20211001230104,20230921102845,127.0362288061,37.4982826556,6.0,,음식,한식,7423,"506시간 동안 숙성한 삼겹살, 목살, 항정살, 늑간살 등 다양한 부위를 맛볼 수 있는 돼지고기구이 전문 식당이다, 숙성 방법은 27년의 노하우를 가진 우가 R&D팀이 2년간의 연구 개발을 통해 완성했다고 한다. 
역삼역 3번 출구 근처 고급스러운 외관의 대형 건물로 2층은 일반석, 3층은 예약제 프라이빗 룸을 운영하고 있다. 방탄소년단이 방문했고, 이영자가 삼겹살 맛집으로 소개하는 등 연예인에게 인기가 많은 고깃집이다. 방송 밥블레스유 6회, 나혼자산다 224회에 소개되었다."
2774277,39,A05,A0502,A05020900,더리버마리나,1,1015,서울특별시 서초구 동작대로 350 (반포동),20211115183101,20230217154819,126.9811002794,37.5058141254,6.0,http://tong.visitkorea.or.kr/cms/resource/40/2779740_image2_1.jpg,레저스포츠,수상레저스포츠,2705,"더 리버 마리나는 휴양지에 온 것 같은 기분을 선사하는 요트와 커피를 함께 즐길 수 있는 복합문화공간으로 현대요트가 운영하는 서울 한강 반포지점이다. 한강을 조망하며 음료와 디저트를 즐길 수 있으며, 야외 데크에서는 텐트에서 음료와 음식과 함께 캠핑을 즐길 수 있다. 가장 인기 있는 메뉴로는 보트 위에서 커피를 즐길 수 있는 커피 보팅(주간 30분)으로 보트는 화~일요일 14:00~18:00 정시에 출항한다. 커피와 함께 무지개 분수를 볼 수 있는 야간 커피 보팅과 요트 안에서 음료와 디저트를 즐길 수 있는 커플 전용 요트 카페도 데이트 코스로 인기 있다. 차량 이용 시 반포한강공원 주차장을 이용하면 되며, 대중교통으로는 지하철 4호선, 9호선 동작역 2번 출구에서 10분 거리에 있다."
